Rule code,Rule,Priority,CWE,Software characteristic,Vulnerability type,Language,Effort,File,Line number,Line text,Source file,Source line number,Source line text,Muted,Normative,Status,CWE Scope,Framework
OPT.JAVA.SEC_JAVA.XPathInjectionRule,Improper Neutralization of Data within XPath Expressions ('XPath Injection'),Very High,643,Security,Injection,Java,30m,xpath-injection/src/main/java/org/owasp/webgoat/plugin/XPATHInjection.java,144,"nodes = (NodeList) xPath.evaluate(expression, inputSource, XPathConstants.NODESET);",xpath-injection/src/main/java/org/owasp/webgoat/plugin/XPATHInjection.java,130,"password = s.getParser().getRawParameter(PASSWORD, """")",No,"CERT-J:IDS53-J,CWE:643,OWASP:2013:A1,OWASP:2013:A5,PCI-DSS:6.5.1,WASC:39",none,"CWEScope:Access-Control,CWEScope:Confidentiality",
OPT.JAVA.SEC_JAVA.XmlEntityInjectionRule,XML entity injection,Very High,611,Security,Injection,Java,30m,ws-sax-injection/src/main/java/org/owasp/webgoat/plugin/WsSAXInjection.java,164,reader.parse(new InputSource(new StringReader(xml)));,ws-sax-injection/src/main/java/org/owasp/webgoat/plugin/WsSAXInjection.java,157,String xml,No,"CERT-J:IDS16-J,CERT-J:IDS17-J,CWE:611,CWE:776,OWASP:2013:A1,OWASP:2013:A5,OWASP:2017:A4,PCI-DSS:6.5.1,WASC:43,WASC:44",none,"CWEScope:Availability,CWEScope:Confidentiality,CWEScope:Integrity",
OPT.JAVA.SEC_JAVA.UnsafeReflection,Use of Externally-Controlled Input to Select Classes or Code ('Unsafe Reflection'),Very High,470,Security,Injection,Java,30m,blind-script/src/main/java/org/owasp/webgoat/plugin/BlindScript.java,280,"            Method meth = cls.getMethod(method, parameterType);",blind-script/src/main/java/org/owasp/webgoat/plugin/BlindScript.java,125,"method = s.getParser().getStringParameter(METHOD, """")",No,"CERT-J:SEC05-J,CWE:470,OWASP:2013:A4,PCI-DSS:6.5.8,WASC:20",none,"CWEScope:Availability,CWEScope:Confidentiality,CWEScope:Integrity",
OPT.JAVA.SEC_JAVA.SqlInjectionRule,Improper Neutralization of Special Elements used in an SQL Command ('SQL Injection'),Very High,564,Security,Injection,Java,30m,blind-numeric-sql-injection/src/main/java/org/owasp/webgoat/plugin/BlindNumericSqlInjection.java,112,results = statement.executeQuery(query),blind-numeric-sql-injection/src/main/java/org/owasp/webgoat/plugin/BlindNumericSqlInjection.java,78,"accountNumber = s.getParser().getRawParameter(ACCT_NUM, ""101"")",No,"CERT-J:IDS00-J,CWE:564,CWE:89,OWASP:2013:A1,OWASP:2013:A5,OWASP:2013:A6,OWASP:2017:A1,PCI-DSS:6.5.1,SANS25:2010:2,SANS25:2011:1,WASC:19",none,"CWEScope:Access-Control,CWEScope:Confidentiality,CWEScope:Integrity",
OPT.JAVA.SEC_JAVA.SqlInjectionRule,Improper Neutralization of Special Elements used in an SQL Command ('SQL Injection'),Very High,564,Security,Injection,Java,30m,blind-string-sql-injection/src/main/java/org/owasp/webgoat/plugin/BlindStringSqlInjection.java,112,results = statement.executeQuery(query),blind-string-sql-injection/src/main/java/org/owasp/webgoat/plugin/BlindStringSqlInjection.java,78,"accountNumber = s.getParser().getRawParameter(ACCT_NUM, ""101"")",No,"CERT-J:IDS00-J,CWE:564,CWE:89,OWASP:2013:A1,OWASP:2013:A5,OWASP:2013:A6,OWASP:2017:A1,PCI-DSS:6.5.1,SANS25:2010:2,SANS25:2011:1,WASC:19",none,"CWEScope:Access-Control,CWEScope:Confidentiality,CWEScope:Integrity",
OPT.JAVA.SEC_JAVA.SqlInjectionRule,Improper Neutralization of Special Elements used in an SQL Command ('SQL Injection'),Very High,564,Security,Injection,Java,30m,cross-site-scripting/src/main/java/org/owasp/webgoat/plugin/crosssitescripting/UpdateProfileCrossSiteScripting.java,280,ps = WebSession.getConnection(s).prepareStatement(query),webgoat-container/src/main/java/org/owasp/webgoat/session/DatabaseUtilities.java,63,"		return getConnection(s.getUserName(), s.getWebgoatContext());",No,"CERT-J:IDS00-J,CWE:564,CWE:89,OWASP:2013:A1,OWASP:2013:A5,OWASP:2013:A6,OWASP:2017:A1,PCI-DSS:6.5.1,SANS25:2010:2,SANS25:2011:1,WASC:19",none,"CWEScope:Access-Control,CWEScope:Confidentiality,CWEScope:Integrity",
OPT.JAVA.SEC_JAVA.SqlInjectionRule,Improper Neutralization of Special Elements used in an SQL Command ('SQL Injection'),Very High,564,Security,Injection,Java,30m,cross-site-scripting/src/main/java/org/owasp/webgoat/plugin/crosssitescripting/UpdateProfileCrossSiteScripting.java,322,ps = WebSession.getConnection(s).prepareStatement(query),webgoat-container/src/main/java/org/owasp/webgoat/session/DatabaseUtilities.java,63,"		return getConnection(s.getUserName(), s.getWebgoatContext());",No,"CERT-J:IDS00-J,CWE:564,CWE:89,OWASP:2013:A1,OWASP:2013:A5,OWASP:2013:A6,OWASP:2017:A1,PCI-DSS:6.5.1,SANS25:2010:2,SANS25:2011:1,WASC:19",none,"CWEScope:Access-Control,CWEScope:Confidentiality,CWEScope:Integrity",
OPT.JAVA.SEC_JAVA.SqlInjectionRule,Improper Neutralization of Special Elements used in an SQL Command ('SQL Injection'),Very High,564,Security,Injection,Java,30m,db-cross-site-scripting/src/main/java/org/owasp/webgoat/plugin/db_cross_site/UpdateProfileDBCrossSiteScripting.java,178,ps = WebSession.getConnection(s).prepareStatement(query),webgoat-container/src/main/java/org/owasp/webgoat/session/DatabaseUtilities.java,63,"		return getConnection(s.getUserName(), s.getWebgoatContext());",No,"CERT-J:IDS00-J,CWE:564,CWE:89,OWASP:2013:A1,OWASP:2013:A5,OWASP:2013:A6,OWASP:2017:A1,PCI-DSS:6.5.1,SANS25:2010:2,SANS25:2011:1,WASC:19",none,"CWEScope:Access-Control,CWEScope:Confidentiality,CWEScope:Integrity",
OPT.JAVA.SEC_JAVA.SqlInjectionRule,Improper Neutralization of Special Elements used in an SQL Command ('SQL Injection'),Very High,564,Security,Injection,Java,30m,dos-login/src/main/java/org/owasp/webgoat/plugin/DOS_Login.java,108,results = statement.executeQuery(query),dos-login/src/main/java/org/owasp/webgoat/plugin/DOS_Login.java,88,password = s.getParser().getRawParameter(PASSWORD);,No,"CERT-J:IDS00-J,CWE:564,CWE:89,OWASP:2013:A1,OWASP:2013:A5,OWASP:2013:A6,OWASP:2017:A1,PCI-DSS:6.5.1,SANS25:2010:2,SANS25:2011:1,WASC:19",none,"CWEScope:Access-Control,CWEScope:Confidentiality,CWEScope:Integrity",
OPT.JAVA.SEC_JAVA.SqlInjectionRule,Improper Neutralization of Special Elements used in an SQL Command ('SQL Injection'),Very High,564,Security,Injection,Java,30m,dos-login/src/main/java/org/owasp/webgoat/plugin/DOS_Login.java,124,statement.executeUpdate(insertData1);,dos-login/src/main/java/org/owasp/webgoat/plugin/DOS_Login.java,123,"insertData1 = ""INSERT INTO user_login VALUES ( '"" + username + ""', '""
                                    + s.getUserName() + ""' )""",No,"CERT-J:IDS00-J,CWE:564,CWE:89,OWASP:2013:A1,OWASP:2013:A5,OWASP:2013:A6,OWASP:2017:A1,PCI-DSS:6.5.1,SANS25:2010:2,SANS25:2011:1,WASC:19",none,"CWEScope:Access-Control,CWEScope:Confidentiality,CWEScope:Integrity",
OPT.JAVA.SEC_JAVA.SqlInjectionRule,Improper Neutralization of Special Elements used in an SQL Command ('SQL Injection'),Very High,564,Security,Injection,Java,30m,dos-login/src/main/java/org/owasp/webgoat/plugin/DOS_Login.java,128,results = statement.executeQuery(query);,dos-login/src/main/java/org/owasp/webgoat/plugin/DOS_Login.java,127,"query = ""SELECT * FROM user_login WHERE webgoat_user = '"" + s.getUserName() + ""'"";",No,"CERT-J:IDS00-J,CWE:564,CWE:89,OWASP:2013:A1,OWASP:2013:A5,OWASP:2013:A6,OWASP:2017:A1,PCI-DSS:6.5.1,SANS25:2010:2,SANS25:2011:1,WASC:19",none,"CWEScope:Access-Control,CWEScope:Confidentiality,CWEScope:Integrity",
OPT.JAVA.SEC_JAVA.SqlInjectionRule,Improper Neutralization of Special Elements used in an SQL Command ('SQL Injection'),Very High,564,Security,Injection,Java,30m,dos-login/src/main/java/org/owasp/webgoat/plugin/DOS_Login.java,136,statement.executeUpdate(deleteData1);,dos-login/src/main/java/org/owasp/webgoat/plugin/DOS_Login.java,134,"deleteData1 = ""DELETE from user_login WHERE webgoat_user = '"" + s.getUserName()
                                    + ""'""",No,"CERT-J:IDS00-J,CWE:564,CWE:89,OWASP:2013:A1,OWASP:2013:A5,OWASP:2013:A6,OWASP:2017:A1,PCI-DSS:6.5.1,SANS25:2010:2,SANS25:2011:1,WASC:19",none,"CWEScope:Access-Control,CWEScope:Confidentiality,CWEScope:Integrity",
OPT.JAVA.SEC_JAVA.SqlInjectionRule,Improper Neutralization of Special Elements used in an SQL Command ('SQL Injection'),Very High,564,Security,Injection,Java,30m,dos-login/src/main/java/org/owasp/webgoat/plugin/DOS_Login.java,148,results = statement.executeQuery(query);,dos-login/src/main/java/org/owasp/webgoat/plugin/DOS_Login.java,147,"query = ""SELECT * FROM user_login WHERE webgoat_user = '"" + s.getUserName() + ""'"";",No,"CERT-J:IDS00-J,CWE:564,CWE:89,OWASP:2013:A1,OWASP:2013:A5,OWASP:2013:A6,OWASP:2017:A1,PCI-DSS:6.5.1,SANS25:2010:2,SANS25:2011:1,WASC:19",none,"CWEScope:Access-Control,CWEScope:Confidentiality,CWEScope:Integrity",
OPT.JAVA.SEC_JAVA.SqlInjectionRule,Improper Neutralization of Special Elements used in an SQL Command ('SQL Injection'),Very High,564,Security,Injection,Java,30m,goat-hills-financial/src/main/java/org/owasp/webgoat/plugin/GoatHillsFinancial/DefaultLessonAction.java,199,answer_results = answer_statement.executeQuery(query),goat-hills-financial/src/main/java/org/owasp/webgoat/plugin/GoatHillsFinancial/DefaultLessonAction.java,133,        String ss = (String) s.getRequest().getSession().getAttribute(name);,No,"CERT-J:IDS00-J,CWE:564,CWE:89,OWASP:2013:A1,OWASP:2013:A5,OWASP:2013:A6,OWASP:2017:A1,PCI-DSS:6.5.1,SANS25:2010:2,SANS25:2011:1,WASC:19",none,"CWEScope:Access-Control,CWEScope:Confidentiality,CWEScope:Integrity",
OPT.JAVA.SEC_JAVA.SqlInjectionRule,Improper Neutralization of Special Elements used in an SQL Command ('SQL Injection'),Very High,564,Security,Injection,Java,30m,goat-hills-financial/src/main/java/org/owasp/webgoat/plugin/GoatHillsFinancial/DefaultLessonAction.java,253,                ResultSet answer_results = answer_statement.executeQuery(query);,goat-hills-financial/src/main/java/org/owasp/webgoat/plugin/GoatHillsFinancial/DefaultLessonAction.java,133,        String ss = (String) s.getRequest().getSession().getAttribute(name);,No,"CERT-J:IDS00-J,CWE:564,CWE:89,OWASP:2013:A1,OWASP:2013:A5,OWASP:2013:A6,OWASP:2017:A1,PCI-DSS:6.5.1,SANS25:2010:2,SANS25:2011:1,WASC:19",none,"CWEScope:Access-Control,CWEScope:Confidentiality,CWEScope:Integrity",
OPT.JAVA.SEC_JAVA.SqlInjectionRule,Improper Neutralization of Special Elements used in an SQL Command ('SQL Injection'),Very High,564,Security,Injection,Java,30m,goat-hills-financial/src/main/java/org/owasp/webgoat/plugin/GoatHillsFinancial/ListStaff.java,87,                ResultSet answer_results = answer_statement.executeQuery(query);,goat-hills-financial/src/main/java/org/owasp/webgoat/plugin/GoatHillsFinancial/DefaultLessonAction.java,133,        String ss = (String) s.getRequest().getSession().getAttribute(name);,No,"CERT-J:IDS00-J,CWE:564,CWE:89,OWASP:2013:A1,OWASP:2013:A5,OWASP:2013:A6,OWASP:2017:A1,PCI-DSS:6.5.1,SANS25:2010:2,SANS25:2011:1,WASC:19",none,"CWEScope:Access-Control,CWEScope:Confidentiality,CWEScope:Integrity",
OPT.JAVA.SEC_JAVA.SqlInjectionRule,Improper Neutralization of Special Elements used in an SQL Command ('SQL Injection'),Very High,564,Security,Injection,Java,30m,goat-hills-financial/src/main/java/org/owasp/webgoat/plugin/GoatHillsFinancial/Login.java,127,                ResultSet answer_results = answer_statement.executeQuery(query);,goat-hills-financial/src/main/java/org/owasp/webgoat/plugin/GoatHillsFinancial/Login.java,67,password = s.getParser().getStringParameter(GoatHillsFinancial.PASSWORD),No,"CERT-J:IDS00-J,CWE:564,CWE:89,OWASP:2013:A1,OWASP:2013:A5,OWASP:2013:A6,OWASP:2017:A1,PCI-DSS:6.5.1,SANS25:2010:2,SANS25:2011:1,WASC:19",none,"CWEScope:Access-Control,CWEScope:Confidentiality,CWEScope:Integrity",
OPT.JAVA.SEC_JAVA.SqlInjectionRule,Improper Neutralization of Special Elements used in an SQL Command ('SQL Injection'),Very High,564,Security,Injection,Java,30m,goat-hills-financial/src/main/java/org/owasp/webgoat/plugin/GoatHillsFinancial/UpdateProfile.java,183,ps = WebSession.getConnection(s).prepareStatement(query),webgoat-container/src/main/java/org/owasp/webgoat/session/DatabaseUtilities.java,63,"		return getConnection(s.getUserName(), s.getWebgoatContext());",No,"CERT-J:IDS00-J,CWE:564,CWE:89,OWASP:2013:A1,OWASP:2013:A5,OWASP:2013:A6,OWASP:2017:A1,PCI-DSS:6.5.1,SANS25:2010:2,SANS25:2011:1,WASC:19",none,"CWEScope:Access-Control,CWEScope:Confidentiality,CWEScope:Integrity",
OPT.JAVA.SEC_JAVA.SqlInjectionRule,Improper Neutralization of Special Elements used in an SQL Command ('SQL Injection'),Very High,564,Security,Injection,Java,30m,malicious-file-execution/src/main/java/org/owasp/webgoat/plugin/MaliciousFileExecution.java,148,image_results = image_statement.executeQuery(image_query),malicious-file-execution/src/main/java/org/owasp/webgoat/plugin/MaliciousFileExecution.java,144,"image_query = ""SELECT image_relative_url FROM mfe_images WHERE user_name = '"" 
            + s.getUserName() + ""'""",No,"CERT-J:IDS00-J,CWE:564,CWE:89,OWASP:2013:A1,OWASP:2013:A5,OWASP:2013:A6,OWASP:2017:A1,PCI-DSS:6.5.1,SANS25:2010:2,SANS25:2011:1,WASC:19",none,"CWEScope:Access-Control,CWEScope:Confidentiality,CWEScope:Integrity",
OPT.JAVA.SEC_JAVA.SqlInjectionRule,Improper Neutralization of Special Elements used in an SQL Command ('SQL Injection'),Very High,564,Security,Injection,Java,30m,malicious-file-execution/src/main/java/org/owasp/webgoat/plugin/MaliciousFileExecution.java,295,statement.executeUpdate(deleteuserrow);,malicious-file-execution/src/main/java/org/owasp/webgoat/plugin/MaliciousFileExecution.java,293,"deleteuserrow = ""DELETE from mfe_images WHERE user_name = '""
                + s.getUserName() + ""';""",No,"CERT-J:IDS00-J,CWE:564,CWE:89,OWASP:2013:A1,OWASP:2013:A5,OWASP:2013:A6,OWASP:2017:A1,PCI-DSS:6.5.1,SANS25:2010:2,SANS25:2011:1,WASC:19",none,"CWEScope:Access-Control,CWEScope:Confidentiality,CWEScope:Integrity",
OPT.JAVA.SEC_JAVA.SqlInjectionRule,Improper Neutralization of Special Elements used in an SQL Command ('SQL Injection'),Very High,564,Security,Injection,Java,30m,malicious-file-execution/src/main/java/org/owasp/webgoat/plugin/MaliciousFileExecution.java,456,"if(statement.executeUpdate(updateData1) == 0) {
                            // update failed, we need to add a row
                            String insertData1 = ""INSERT INTO mfe_images VALUES ('"" +
                                s.getUserName() + ""','"" + UPLOADS_RELATIVE_PATH + ""/"" + 
                                item.getName() + ""')"";
(...)",malicious-file-execution/src/main/java/org/owasp/webgoat/plugin/MaliciousFileExecution.java,452,"updateData1 = ""UPDATE mfe_images SET image_relative_url='"" + UPLOADS_RELATIVE_PATH + ""/""
                            + item.getName() + ""' WHERE user_name = '""
                            + s.getUserName() + ""';""",No,"CERT-J:IDS00-J,CWE:564,CWE:89,OWASP:2013:A1,OWASP:2013:A5,OWASP:2013:A6,OWASP:2017:A1,PCI-DSS:6.5.1,SANS25:2010:2,SANS25:2011:1,WASC:19",none,"CWEScope:Access-Control,CWEScope:Confidentiality,CWEScope:Integrity",
OPT.JAVA.SEC_JAVA.SqlInjectionRule,Improper Neutralization of Special Elements used in an SQL Command ('SQL Injection'),Very High,564,Security,Injection,Java,30m,malicious-file-execution/src/main/java/org/owasp/webgoat/plugin/MaliciousFileExecution.java,464,statement.executeUpdate(insertData1);,malicious-file-execution/src/main/java/org/owasp/webgoat/plugin/MaliciousFileExecution.java,460,"insertData1 = ""INSERT INTO mfe_images VALUES ('"" +
                                s.getUserName() + ""','"" + UPLOADS_RELATIVE_PATH + ""/"" + 
                                item.getName() + ""')""",No,"CERT-J:IDS00-J,CWE:564,CWE:89,OWASP:2013:A1,OWASP:2013:A5,OWASP:2013:A6,OWASP:2017:A1,PCI-DSS:6.5.1,SANS25:2010:2,SANS25:2011:1,WASC:19",none,"CWEScope:Access-Control,CWEScope:Confidentiality,CWEScope:Integrity",
OPT.JAVA.SEC_JAVA.SqlInjectionRule,Improper Neutralization of Special Elements used in an SQL Command ('SQL Injection'),Very High,564,Security,Injection,Java,30m,role-based-access-control/src/main/java/instructor/UpdateProfile_i.java,100,					PreparedStatement ps = WebSession.getConnection(s).prepareStatement(query);,goat-hills-financial/src/main/java/org/owasp/webgoat/plugin/GoatHillsFinancial/DefaultLessonAction.java,133,        String ss = (String) s.getRequest().getSession().getAttribute(name);,No,"CERT-J:IDS00-J,CWE:564,CWE:89,OWASP:2013:A1,OWASP:2013:A5,OWASP:2013:A6,OWASP:2017:A1,PCI-DSS:6.5.1,SANS25:2010:2,SANS25:2011:1,WASC:19",none,"CWEScope:Access-Control,CWEScope:Confidentiality,CWEScope:Integrity",
OPT.JAVA.SEC_JAVA.SqlInjectionRule,Improper Neutralization of Special Elements used in an SQL Command ('SQL Injection'),Very High,564,Security,Injection,Java,30m,role-based-access-control/src/main/java/instructor/UpdateProfile_i.java,100,ps = WebSession.getConnection(s).prepareStatement(query),webgoat-container/src/main/java/org/owasp/webgoat/session/DatabaseUtilities.java,63,"		return getConnection(s.getUserName(), s.getWebgoatContext());",No,"CERT-J:IDS00-J,CWE:564,CWE:89,OWASP:2013:A1,OWASP:2013:A5,OWASP:2013:A6,OWASP:2017:A1,PCI-DSS:6.5.1,SANS25:2010:2,SANS25:2011:1,WASC:19",none,"CWEScope:Access-Control,CWEScope:Confidentiality,CWEScope:Integrity",
OPT.JAVA.SEC_JAVA.SqlInjectionRule,Improper Neutralization of Special Elements used in an SQL Command ('SQL Injection'),Very High,564,Security,Injection,Java,30m,role-based-access-control/src/main/java/instructor/ViewProfile_i.java,89,					ResultSet answer_results = answer_statement.executeQuery(query);,goat-hills-financial/src/main/java/org/owasp/webgoat/plugin/GoatHillsFinancial/DefaultLessonAction.java,133,        String ss = (String) s.getRequest().getSession().getAttribute(name);,No,"CERT-J:IDS00-J,CWE:564,CWE:89,OWASP:2013:A1,OWASP:2013:A5,OWASP:2013:A6,OWASP:2017:A1,PCI-DSS:6.5.1,SANS25:2010:2,SANS25:2011:1,WASC:19",none,"CWEScope:Access-Control,CWEScope:Confidentiality,CWEScope:Integrity",
OPT.JAVA.SEC_JAVA.SqlInjectionRule,Improper Neutralization of Special Elements used in an SQL Command ('SQL Injection'),Very High,564,Security,Injection,Java,30m,role-based-access-control/src/main/java/org/owasp/webgoat/plugin/rollbased/RoleBasedAccessControl.java,399,"if (RoleBasedAccessControl.DELETEPROFILE_ACTION.equals(requestedActionName)
                                && !isAuthorized(s, getUserId(s), RoleBasedAccessControl.DELETEPROFILE_ACTION))
                        {
                            setStageComplete(s, STAGE2);
                        }",role-based-access-control/src/main/java/org/owasp/webgoat/plugin/rollbased/RoleBasedAccessControl.java,333,"requestedActionName = s.getParser().getStringParameter(""action"");",No,"CERT-J:IDS00-J,CWE:564,CWE:89,OWASP:2013:A1,OWASP:2013:A5,OWASP:2013:A6,OWASP:2017:A1,PCI-DSS:6.5.1,SANS25:2010:2,SANS25:2011:1,WASC:19",none,"CWEScope:Access-Control,CWEScope:Confidentiality,CWEScope:Integrity",
OPT.JAVA.SEC_JAVA.SqlInjectionRule,Improper Neutralization of Special Elements used in an SQL Command ('SQL Injection'),Very High,564,Security,Injection,Java,30m,role-based-access-control/src/main/java/org/owasp/webgoat/plugin/rollbased/UpdateProfileRoleBasedAccessControl.java,219,ps = WebSession.getConnection(s).prepareStatement(query),webgoat-container/src/main/java/org/owasp/webgoat/session/DatabaseUtilities.java,63,"		return getConnection(s.getUserName(), s.getWebgoatContext());",No,"CERT-J:IDS00-J,CWE:564,CWE:89,OWASP:2013:A1,OWASP:2013:A5,OWASP:2013:A6,OWASP:2017:A1,PCI-DSS:6.5.1,SANS25:2010:2,SANS25:2011:1,WASC:19",none,"CWEScope:Access-Control,CWEScope:Confidentiality,CWEScope:Integrity",
OPT.JAVA.SEC_JAVA.SqlInjectionRule,Improper Neutralization of Special Elements used in an SQL Command ('SQL Injection'),Very High,564,Security,Injection,Java,30m,sql-injection/src/main/java/org/owasp/webgoat/plugin/sqlinjection/ListStaffSqlInjection.java,90,                ResultSet answer_results = answer_statement.executeQuery(query);,goat-hills-financial/src/main/java/org/owasp/webgoat/plugin/GoatHillsFinancial/DefaultLessonAction.java,133,        String ss = (String) s.getRequest().getSession().getAttribute(name);,No,"CERT-J:IDS00-J,CWE:564,CWE:89,OWASP:2013:A1,OWASP:2013:A5,OWASP:2013:A6,OWASP:2017:A1,PCI-DSS:6.5.1,SANS25:2010:2,SANS25:2011:1,WASC:19",none,"CWEScope:Access-Control,CWEScope:Confidentiality,CWEScope:Integrity",
OPT.JAVA.SEC_JAVA.SqlInjectionRule,Improper Neutralization of Special Elements used in an SQL Command ('SQL Injection'),Very High,564,Security,Injection,Java,30m,sql-injection/src/main/java/org/owasp/webgoat/plugin/sqlinjection/LoginSqlInjection.java,132,                ResultSet answer_results = answer_statement.executeQuery(query);,sql-injection/src/main/java/org/owasp/webgoat/plugin/sqlinjection/LoginSqlInjection.java,71,password = s.getParser().getRawParameter(SQLInjection.PASSWORD),No,"CERT-J:IDS00-J,CWE:564,CWE:89,OWASP:2013:A1,OWASP:2013:A5,OWASP:2013:A6,OWASP:2017:A1,PCI-DSS:6.5.1,SANS25:2010:2,SANS25:2011:1,WASC:19",none,"CWEScope:Access-Control,CWEScope:Confidentiality,CWEScope:Integrity",
OPT.JAVA.SEC_JAVA.SqlInjectionRule,Improper Neutralization of Special Elements used in an SQL Command ('SQL Injection'),Very High,564,Security,Injection,Java,30m,sql-injection/src/main/java/org/owasp/webgoat/plugin/sqlinjection/LoginSqlInjection.java,167,                ResultSet answer_results = answer_statement.executeQuery(query);,sql-injection/src/main/java/org/owasp/webgoat/plugin/sqlinjection/LoginSqlInjection.java,236,password = s.getParser().getRawParameter(SQLInjection.PASSWORD),No,"CERT-J:IDS00-J,CWE:564,CWE:89,OWASP:2013:A1,OWASP:2013:A5,OWASP:2013:A6,OWASP:2017:A1,PCI-DSS:6.5.1,SANS25:2010:2,SANS25:2011:1,WASC:19",none,"CWEScope:Access-Control,CWEScope:Confidentiality,CWEScope:Integrity",
OPT.JAVA.SEC_JAVA.SqlInjectionRule,Improper Neutralization of Special Elements used in an SQL Command ('SQL Injection'),Very High,564,Security,Injection,Java,30m,sql-injection/src/main/java/org/owasp/webgoat/plugin/sqlinjection/ViewProfileSqlInjection.java,109,                ResultSet answer_results = answer_statement.executeQuery(query);,goat-hills-financial/src/main/java/org/owasp/webgoat/plugin/GoatHillsFinancial/DefaultLessonAction.java,104,        String value = (String) s.getRequest().getSession().getAttribute(name);,No,"CERT-J:IDS00-J,CWE:564,CWE:89,OWASP:2013:A1,OWASP:2013:A5,OWASP:2013:A6,OWASP:2017:A1,PCI-DSS:6.5.1,SANS25:2010:2,SANS25:2011:1,WASC:19",none,"CWEScope:Access-Control,CWEScope:Confidentiality,CWEScope:Integrity",
OPT.JAVA.SEC_JAVA.SqlInjectionRule,Improper Neutralization of Special Elements used in an SQL Command ('SQL Injection'),Very High,564,Security,Injection,Java,30m,sql-injection/src/main/java/org/owasp/webgoat/plugin/sqlinjection/ViewProfileSqlInjection.java,158,                ResultSet answer_results = answer_statement.executeQuery(query);,sql-injection/src/main/java/org/owasp/webgoat/plugin/sqlinjection/ViewProfileSqlInjection.java,193,employeeId = s.getParser().getRawParameter(org.owasp.webgoat.plugin.sqlinjection.SQLInjection.EMPLOYEE_ID),No,"CERT-J:IDS00-J,CWE:564,CWE:89,OWASP:2013:A1,OWASP:2013:A5,OWASP:2013:A6,OWASP:2017:A1,PCI-DSS:6.5.1,SANS25:2010:2,SANS25:2011:1,WASC:19",none,"CWEScope:Access-Control,CWEScope:Confidentiality,CWEScope:Integrity",
OPT.JAVA.SEC_JAVA.SqlInjectionRule,Improper Neutralization of Special Elements used in an SQL Command ('SQL Injection'),Very High,564,Security,Injection,Java,30m,sql-numeric-injection/src/main/java/org/owasp/webgoat/plugin/SqlNumericInjection.java,120,results = statement.executeQuery(query),sql-numeric-injection/src/main/java/org/owasp/webgoat/plugin/SqlNumericInjection.java,99,"station = s.getParser().getRawParameter(STATION_ID, null);",No,"CERT-J:IDS00-J,CWE:564,CWE:89,OWASP:2013:A1,OWASP:2013:A5,OWASP:2013:A6,OWASP:2017:A1,PCI-DSS:6.5.1,SANS25:2010:2,SANS25:2011:1,WASC:19",none,"CWEScope:Access-Control,CWEScope:Confidentiality,CWEScope:Integrity",
OPT.JAVA.SEC_JAVA.SqlInjectionRule,Improper Neutralization of Special Elements used in an SQL Command ('SQL Injection'),Very High,564,Security,Injection,Java,30m,sql-string-injection/src/main/java/org/owasp/webgoat/plugin/SqlStringInjection.java,103,results = statement.executeQuery(query),sql-string-injection/src/main/java/org/owasp/webgoat/plugin/SqlStringInjection.java,205,"        accountName = s.getParser().getRawParameter(ACCT_NAME, ""Your Name"");",No,"CERT-J:IDS00-J,CWE:564,CWE:89,OWASP:2013:A1,OWASP:2013:A5,OWASP:2013:A6,OWASP:2017:A1,PCI-DSS:6.5.1,SANS25:2010:2,SANS25:2011:1,WASC:19",none,"CWEScope:Access-Control,CWEScope:Confidentiality,CWEScope:Integrity",
OPT.JAVA.SEC_JAVA.SqlInjectionRule,Improper Neutralization of Special Elements used in an SQL Command ('SQL Injection'),Very High,564,Security,Injection,Java,30m,thread-safety-problem/src/main/java/org/owasp/webgoat/plugin/ThreadSafetyProblem.java,96,results = statement.executeQuery(query),thread-safety-problem/src/main/java/org/owasp/webgoat/plugin/ThreadSafetyProblem.java,78,"currentUser = s.getParser().getRawParameter(USER_NAME, """");",No,"CERT-J:IDS00-J,CWE:564,CWE:89,OWASP:2013:A1,OWASP:2013:A5,OWASP:2013:A6,OWASP:2017:A1,PCI-DSS:6.5.1,SANS25:2010:2,SANS25:2011:1,WASC:19",none,"CWEScope:Access-Control,CWEScope:Confidentiality,CWEScope:Integrity",
OPT.JAVA.SEC_JAVA.SqlInjectionRule,Improper Neutralization of Special Elements used in an SQL Command ('SQL Injection'),Very High,564,Security,Injection,Java,30m,webgoat-container/src/main/java/org/owasp/webgoat/lessons/admin/ViewDatabase.java,80,results = statement.executeQuery(sqlStatement.toString()),webgoat-container/src/main/java/org/owasp/webgoat/lessons/admin/ViewDatabase.java,66,"sqlStatement = new StringBuffer(s.getParser().getRawParameter(SQL, """"))",No,"CERT-J:IDS00-J,CWE:564,CWE:89,OWASP:2013:A1,OWASP:2013:A5,OWASP:2013:A6,OWASP:2017:A1,PCI-DSS:6.5.1,SANS25:2010:2,SANS25:2011:1,WASC:19",none,"CWEScope:Access-Control,CWEScope:Confidentiality,CWEScope:Integrity",
OPT.JAVA.SEC_JAVA.SqlInjectionRule,Improper Neutralization of Special Elements used in an SQL Command ('SQL Injection'),Very High,564,Security,Injection,Java,30m,webgoat-container/src/main/java/org/owasp/webgoat/session/WebSession.java,736,"        return getCurrentLesson().isAuthorized(this, employeeId, functionId);",goat-hills-financial/src/main/java/org/owasp/webgoat/plugin/GoatHillsFinancial/DefaultLessonAction.java,133,        String ss = (String) s.getRequest().getSession().getAttribute(name);,No,"CERT-J:IDS00-J,CWE:564,CWE:89,OWASP:2013:A1,OWASP:2013:A5,OWASP:2013:A6,OWASP:2017:A1,PCI-DSS:6.5.1,SANS25:2010:2,SANS25:2011:1,WASC:19",none,"CWEScope:Access-Control,CWEScope:Confidentiality,CWEScope:Integrity",
OPT.JAVA.SEC_JAVA.SqlInjectionRule,Improper Neutralization of Special Elements used in an SQL Command ('SQL Injection'),Very High,564,Security,Injection,Java,30m,webgoat-container/src/main/java/org/owasp/webgoat/session/WebSession.java,736,"        return getCurrentLesson().isAuthorized(this, employeeId, functionId);",goat-hills-financial/src/main/java/org/owasp/webgoat/plugin/GoatHillsFinancial/DefaultLessonAction.java,133,        String ss = (String) s.getRequest().getSession().getAttribute(name);,No,"CERT-J:IDS00-J,CWE:564,CWE:89,OWASP:2013:A1,OWASP:2013:A5,OWASP:2013:A6,OWASP:2017:A1,PCI-DSS:6.5.1,SANS25:2010:2,SANS25:2011:1,WASC:19",none,"CWEScope:Access-Control,CWEScope:Confidentiality,CWEScope:Integrity",
OPT.JAVA.SEC_JAVA.SqlInjectionRule,Improper Neutralization of Special Elements used in an SQL Command ('SQL Injection'),Very High,564,Security,Injection,Java,30m,ws-sql-injection/src/main/java/org/owasp/webgoat/plugin/WsSqlInjection.java,232,                ResultSet results = statement.executeQuery(query);,ws-sql-injection/src/main/java/org/owasp/webgoat/plugin/WsSqlInjection.java,160,"        accountNumber = s.getParser().getRawParameter(ACCT_NUM, ""101"");",No,"CERT-J:IDS00-J,CWE:564,CWE:89,OWASP:2013:A1,OWASP:2013:A5,OWASP:2013:A6,OWASP:2017:A1,PCI-DSS:6.5.1,SANS25:2010:2,SANS25:2011:1,WASC:19",none,"CWEScope:Access-Control,CWEScope:Confidentiality,CWEScope:Integrity",
OPT.JAVA.SEC_JAVA.MailCommandInjection,Mail Command Injection,Very High,93,Security,Injection,Java,30m,unchecked-email/src/main/java/org/owasp/webgoat/plugin/UncheckedEmail.java,369,        msg.setSubject(subject);,unchecked-email/src/main/java/org/owasp/webgoat/plugin/UncheckedEmail.java,106,"subject = s.getParser().getRawParameter(SUBJECT, """")",No,"CWE:93,OWASP:2013:A1,PCI-DSS:6.5.1,WASC:30",none,CWEScope:Integrity,
OPT.JAVA.SEC_JAVA.LogForging,Improper Output Neutralization for Logs,Very High,117,Security,Injection,Java,06m,webgoat-container/src/main/java/org/owasp/webgoat/controller/Start.java,104,"            logger.error(""No valid WebSession object found, has session timed out? ["" + session.getId() + ""]"");",webgoat-container/src/main/java/org/owasp/webgoat/controller/Start.java,51,HttpServletRequest request,Yes,"CERT-J:IDS03-J,CWE:117,OWASP:2013:A1,OWASP-M:2014:M8,PCI-DSS:10.5.2,WASC:20",none,"CWEScope:Availability,CWEScope:Confidentiality,CWEScope:Integrity,CWEScope:Non-Repudiation",
OPT.JAVA.SEC_JAVA.LogForging,Improper Output Neutralization for Logs,Very High,117,Security,Injection,Java,06m,webgoat-container/src/main/java/org/owasp/webgoat/controller/Start.java,108,"            logger.error(""Invalid WebSession object found, this is probably a bug! ["" + o.getClass() + "" | "" + session.getId() + ""]"");",webgoat-container/src/main/java/org/owasp/webgoat/controller/Start.java,51,HttpServletRequest request,Yes,"CERT-J:IDS03-J,CWE:117,OWASP:2013:A1,OWASP-M:2014:M8,PCI-DSS:10.5.2,WASC:20",none,"CWEScope:Availability,CWEScope:Confidentiality,CWEScope:Integrity,CWEScope:Non-Repudiation",
OPT.JAVA.SEC_JAVA.LogForging,Improper Output Neutralization for Logs,Very High,117,Security,Injection,Java,06m,webgoat-container/src/main/java/org/owasp/webgoat/HammerHead.java,258,logger.debug(output);,webgoat-container/src/main/java/org/owasp/webgoat/HammerHead.java,256,"output = new Date() + "" | "" + request.getRemoteHost() + "":"" + request.getRemoteAddr() + "" | "" + message",Yes,"CERT-J:IDS03-J,CWE:117,OWASP:2013:A1,OWASP-M:2014:M8,PCI-DSS:10.5.2,WASC:20",none,"CWEScope:Availability,CWEScope:Confidentiality,CWEScope:Integrity,CWEScope:Non-Repudiation",
OPT.JAVA.SEC_JAVA.LogForging,Improper Output Neutralization for Logs,Very High,117,Security,Injection,Java,06m,webgoat-container/src/main/java/org/owasp/webgoat/lessons/AbstractLesson.java,741,"logger.info(""authorized: "" + authorized);",webgoat-container/src/main/java/org/owasp/webgoat/session/DatabaseUtilities.java,63,"		return getConnection(s.getUserName(), s.getWebgoatContext());",Yes,"CERT-J:IDS03-J,CWE:117,OWASP:2013:A1,OWASP-M:2014:M8,PCI-DSS:10.5.2,WASC:20",none,"CWEScope:Availability,CWEScope:Confidentiality,CWEScope:Integrity,CWEScope:Non-Repudiation",
OPT.JAVA.SEC_JAVA.LogForging,Improper Output Neutralization for Logs,Very High,117,Security,Injection,Java,06m,webgoat-container/src/main/java/org/owasp/webgoat/service/BaseService.java,68,"logger.error(""Exception handler for service caught exception when processing: "" + url, ex);",webgoat-container/src/main/java/org/owasp/webgoat/service/BaseService.java,67,url = request.getRequestURL().toString(),No,"CERT-J:IDS03-J,CWE:117,OWASP:2013:A1,OWASP-M:2014:M8,PCI-DSS:10.5.2,WASC:20",none,"CWEScope:Availability,CWEScope:Confidentiality,CWEScope:Integrity,CWEScope:Non-Repudiation",
OPT.JAVA.SEC_JAVA.LogForging,Improper Output Neutralization for Logs,Very High,117,Security,Injection,Java,06m,webgoat-container/src/main/java/org/owasp/webgoat/service/LessonMenuService.java,81,"logger.info(""Role: "" + role);",webgoat-container/src/main/java/org/owasp/webgoat/service/LessonMenuService.java,67,HttpSession session,No,"CERT-J:IDS03-J,CWE:117,OWASP:2013:A1,OWASP-M:2014:M8,PCI-DSS:10.5.2,WASC:20",none,"CWEScope:Availability,CWEScope:Confidentiality,CWEScope:Integrity,CWEScope:Non-Repudiation",
OPT.JAVA.SEC_JAVA.LogForging,Improper Output Neutralization for Logs,Very High,117,Security,Injection,Java,06m,webgoat-container/src/main/java/org/owasp/webgoat/session/WebSession.java,1098,"logger.info(""PARM MAP: "" + parmMap);",webgoat-container/src/main/java/org/owasp/webgoat/session/WebSession.java,1097,parmMap = request.getParameterMap(),No,"CERT-J:IDS03-J,CWE:117,OWASP:2013:A1,OWASP-M:2014:M8,PCI-DSS:10.5.2,WASC:20",none,"CWEScope:Availability,CWEScope:Confidentiality,CWEScope:Integrity,CWEScope:Non-Repudiation",
OPT.JAVA.SEC_JAVA.HttpSplittingRule,Improper Neutralization of CRLF Sequences in HTTP Headers ('HTTP Response Splitting'),Very High,113,Security,Injection,Java,30m,webgoat-container/src/main/java/org/owasp/webgoat/session/WebSession.java,300,response.addCookie(cookies[loop]);,webgoat-container/src/main/java/org/owasp/webgoat/session/WebSession.java,295,cookies = request.getCookies(),No,"CWE:113,OWASP:2013:A1,PCI-DSS:6.5.1,WASC:25",none,"CWEScope:Access-Control,CWEScope:Integrity",
OPT.JAVA.SEC_JAVA.FormatStringInjectionRule,Exclude unsanitized user input from format strings,Very High,134,Security,Injection,Java,06m,lesson-converter/src/main/java/org/owasp/webgoat/converter/ConverterMain.java,77,"        String newModule = String.format(""        <module>%s</module>"", module);",lesson-converter/src/main/java/org/owasp/webgoat/converter/ConverterMain.java,98,String[] args,Yes,"CERT-J:IDS06-J,CWE:134,OWASP:2013:A5,OWASP:2013:A9,PCI-DSS:6.5.1,SANS25:2011:23,WASC:10",none,"CWEScope:Availability,CWEScope:Confidentiality,CWEScope:Integrity",
OPT.JAVA.SEC_JAVA.CrossSiteScriptingRule,Improper Neutralization of Input During Web Page Generation ('Cross-site Scripting'),Very High,79,Security,Injection,Java,4h 00,cross-site-scripting/src/main/resources/plugin/CrossSiteScripting/jsp/SearchStaff.jsp,11,"Employee <%=searchedName%> not found.
[servlet code: out.print(searchedName);]",cross-site-scripting/src/main/resources/plugin/CrossSiteScripting/jsp/SearchStaff.jsp,7,			String searchedName = request.getParameter(CrossSiteScripting.SEARCHNAME);,No,"CERT-J:IDS51-J,CWE:79,OWASP:2013:A3,OWASP:2013:A5,OWASP:2017:A7,OWASP-M:2014:M7,PCI-DSS:6.5.7,SANS25:2010:1,SANS25:2011:4,WASC:08",TO_REVIEW,"CWEScope:Access-Control,CWEScope:Availability,CWEScope:Confidentiality,CWEScope:Integrity",
OPT.JAVA.SEC_JAVA.CrossSiteScriptingRule,Improper Neutralization of Input During Web Page Generation ('Cross-site Scripting'),Very High,79,Security,Injection,Java,4h 00,dangerous-eval-injection/src/main/resources/plugin/DangerousEval/jsp/eval.jsp,35,"		out.write(""alert('Purchase completed successfully with credit card \"""" + field2 + ""\"" and access code \"""" + field1 + ""\""');"");",dangerous-eval-injection/src/main/resources/plugin/DangerousEval/jsp/eval.jsp,6,"String field2 = request.getParameter(""field2"");",No,"CERT-J:IDS51-J,CWE:79,OWASP:2013:A3,OWASP:2013:A5,OWASP:2017:A7,OWASP-M:2014:M7,PCI-DSS:6.5.7,SANS25:2010:1,SANS25:2011:4,WASC:08",none,"CWEScope:Access-Control,CWEScope:Availability,CWEScope:Confidentiality,CWEScope:Integrity",
OPT.JAVA.SEC_JAVA.CrossSiteScriptingRule,Improper Neutralization of Input During Web Page Generation ('Cross-site Scripting'),Very High,79,Security,Injection,Java,4h 00,db-cross-site-scripting/src/main/resources/plugin/DBCrossSiteScripting/jsp/SearchStaff.jsp,11,"Employee <%=searchedName%> not found.
[servlet code: out.print(searchedName);]",db-cross-site-scripting/src/main/resources/plugin/DBCrossSiteScripting/jsp/SearchStaff.jsp,7,			String searchedName = request.getParameter(DBCrossSiteScripting.SEARCHNAME);,No,"CERT-J:IDS51-J,CWE:79,OWASP:2013:A3,OWASP:2013:A5,OWASP:2017:A7,OWASP-M:2014:M7,PCI-DSS:6.5.7,SANS25:2010:1,SANS25:2011:4,WASC:08",none,"CWEScope:Access-Control,CWEScope:Availability,CWEScope:Confidentiality,CWEScope:Integrity",
OPT.JAVA.SEC_JAVA.CrossSiteScriptingRule,Improper Neutralization of Input During Web Page Generation ('Cross-site Scripting'),Very High,79,Security,Injection,Java,4h 00,db-sql-injection/src/main/resources/plugin/DBSQLInjection/jsp/SearchStaff.jsp,11,"Employee <%=searchedName%> not found.
[servlet code: out.print(searchedName);]",db-sql-injection/src/main/resources/plugin/DBSQLInjection/jsp/SearchStaff.jsp,7,			String searchedName = request.getParameter(DBSQLInjection.SEARCHNAME);,No,"CERT-J:IDS51-J,CWE:79,OWASP:2013:A3,OWASP:2013:A5,OWASP:2017:A7,OWASP-M:2014:M7,PCI-DSS:6.5.7,SANS25:2010:1,SANS25:2011:4,WASC:08",none,"CWEScope:Access-Control,CWEScope:Availability,CWEScope:Confidentiality,CWEScope:Integrity",
OPT.JAVA.SEC_JAVA.CrossSiteScriptingRule,Improper Neutralization of Input During Web Page Generation ('Cross-site Scripting'),Very High,79,Security,Injection,Java,4h 00,sql-injection/src/main/resources/plugin/SQLInjection/jsp/SearchStaff.jsp,11,"Employee <%=searchedName%> not found.
[servlet code: out.print(searchedName);]",sql-injection/src/main/resources/plugin/SQLInjection/jsp/SearchStaff.jsp,7,			String searchedName = request.getParameter(SQLInjection.SEARCHNAME);,No,"CERT-J:IDS51-J,CWE:79,OWASP:2013:A3,OWASP:2013:A5,OWASP:2017:A7,OWASP-M:2014:M7,PCI-DSS:6.5.7,SANS25:2010:1,SANS25:2011:4,WASC:08",none,"CWEScope:Access-Control,CWEScope:Availability,CWEScope:Confidentiality,CWEScope:Integrity",
OPT.JAVA.SEC_JAVA.CrossSiteScriptingRule,Improper Neutralization of Input During Web Page Generation ('Cross-site Scripting'),Very High,79,Security,Injection,Java,4h 00,webgoat-container/src/main/webapp/main.jsp,99,"<td><%=(lesson.isCompleted(webSession) ? lessonComplete : """")%><a href=""<%=lesson.getLink()%>""><%=lesson.getTitle()%></a></td>
[servlet code: out.print((lesson.isCompleted(webSession) ? lessonComplete : """"));]",webgoat-container/src/main/java/org/owasp/webgoat/session/UserTracker.java,181,"		return getLessonTracker(s, s.getUserName(), screen);",No,"CERT-J:IDS51-J,CWE:79,OWASP:2013:A3,OWASP:2013:A5,OWASP:2017:A7,OWASP-M:2014:M7,PCI-DSS:6.5.7,SANS25:2010:1,SANS25:2011:4,WASC:08",none,"CWEScope:Access-Control,CWEScope:Availability,CWEScope:Confidentiality,CWEScope:Integrity",
OPT.JAVA.SEC_JAVA.CrossSiteScriptingRule,Improper Neutralization of Input During Web Page Generation ('Cross-site Scripting'),Very High,79,Security,Injection,Java,4h 00,webgoat-container/src/main/webapp/main.jsp,238,                                out.println(printParameters);,webgoat-container/src/main/webapp/main.jsp,237,"                                printParameters = ""<div id=\""parameter\"" class=\""info\"">"" + p.getName() + ""="" + p.getValue() + ""</div><br>"";",No,"CERT-J:IDS51-J,CWE:79,OWASP:2013:A3,OWASP:2013:A5,OWASP:2017:A7,OWASP-M:2014:M7,PCI-DSS:6.5.7,SANS25:2010:1,SANS25:2011:4,WASC:08",none,"CWEScope:Access-Control,CWEScope:Availability,CWEScope:Confidentiality,CWEScope:Integrity",
OPT.JAVA.SEC_JAVA.CrossSiteScriptingRule,Improper Neutralization of Input During Web Page Generation ('Cross-site Scripting'),Very High,79,Security,Injection,Java,4h 00,webgoat-container/src/main/webapp/main.jsp,247,                                out.println(printCookies);,webgoat-container/src/main/webapp/main.jsp,246,"                                printCookies = ""<div id=\""cookie\"" class=\""info\"">"" + c.getName() + "" <img src=\""images/icons/rightArrow.jpg\"" alt=\""\""> "" + c.getValue() + ""</div><br>"";",No,"CERT-J:IDS51-J,CWE:79,OWASP:2013:A3,OWASP:2013:A5,OWASP:2017:A7,OWASP-M:2014:M7,PCI-DSS:6.5.7,SANS25:2010:1,SANS25:2011:4,WASC:08",none,"CWEScope:Access-Control,CWEScope:Availability,CWEScope:Confidentiality,CWEScope:Integrity",
OPT.JAVA.SEC_JAVA.CrossSiteScriptingRule,Improper Neutralization of Input During Web Page Generation ('Cross-site Scripting'),Very High,79,Security,Injection,Java,4h 00,webgoat-container/src/main/webapp/main.jsp,261,"<div class=""info"">Stage <%= rla.getLessonTracker(webSession).getStageNumber(rla.getStage(webSession)) + 1%></div>
[servlet code: out.print( rla.getLessonTracker(webSession).getStageNumber(rla.getStage(webSession)) + 1);]",webgoat-container/src/main/java/org/owasp/webgoat/session/UserTracker.java,181,"		return getLessonTracker(s, s.getUserName(), screen);",No,"CERT-J:IDS51-J,CWE:79,OWASP:2013:A3,OWASP:2013:A5,OWASP:2017:A7,OWASP-M:2014:M7,PCI-DSS:6.5.7,SANS25:2010:1,SANS25:2011:4,WASC:08",TO_REVIEW,"CWEScope:Access-Control,CWEScope:Availability,CWEScope:Confidentiality,CWEScope:Integrity",
OPT.JAVA.SEC_JAVA.CrossSiteScriptingRule,Improper Neutralization of Input During Web Page Generation ('Cross-site Scripting'),Very High,79,Security,Injection,Java,4h 00,webgoat-container/src/main/webapp/main.jsp,261,"<div class=""info"">Stage <%= rla.getLessonTracker(webSession).getStageNumber(rla.getStage(webSession)) + 1%></div>
[servlet code: out.print( rla.getLessonTracker(webSession).getStageNumber(rla.getStage(webSession)) + 1);]",webgoat-container/src/main/java/org/owasp/webgoat/session/UserTracker.java,181,"		return getLessonTracker(s, s.getUserName(), screen);",No,"CERT-J:IDS51-J,CWE:79,OWASP:2013:A3,OWASP:2013:A5,OWASP:2017:A7,OWASP-M:2014:M7,PCI-DSS:6.5.7,SANS25:2010:1,SANS25:2011:4,WASC:08",none,"CWEScope:Access-Control,CWEScope:Availability,CWEScope:Confidentiality,CWEScope:Integrity",
OPT.JAVA.SEC_JAVA.CrossSiteScriptingRule,Improper Neutralization of Input During Web Page Generation ('Cross-site Scripting'),Very High,79,Security,Injection,Java,4h 00,webgoat-container/src/main/webapp/main.jsp,265,"<%=webSession.getInstructions()%></div>
[servlet code: out.print(webSession.getInstructions());]",webgoat-container/src/main/java/org/owasp/webgoat/session/UserTracker.java,181,"		return getLessonTracker(s, s.getUserName(), screen);",No,"CERT-J:IDS51-J,CWE:79,OWASP:2013:A3,OWASP:2013:A5,OWASP:2017:A7,OWASP-M:2014:M7,PCI-DSS:6.5.7,SANS25:2010:1,SANS25:2011:4,WASC:08",none,"CWEScope:Access-Control,CWEScope:Availability,CWEScope:Confidentiality,CWEScope:Integrity",
OPT.JAVA.SEC_JAVA.CrossSiteScriptingRule,Improper Neutralization of Input During Web Page Generation ('Cross-site Scripting'),Very High,79,Security,Injection,Java,4h 00,webgoat-container/src/main/webapp/main.jsp,266,"<div id=""message"" class=""info""><%=webSession.getMessage()%></div>
[servlet code: out.print(webSession.getMessage());]",webgoat-container/src/main/java/org/owasp/webgoat/session/UserTracker.java,181,"		return getLessonTracker(s, s.getUserName(), screen);",No,"CERT-J:IDS51-J,CWE:79,OWASP:2013:A3,OWASP:2013:A5,OWASP:2017:A7,OWASP-M:2014:M7,PCI-DSS:6.5.7,SANS25:2010:1,SANS25:2011:4,WASC:08",none,"CWEScope:Access-Control,CWEScope:Availability,CWEScope:Confidentiality,CWEScope:Integrity",
OPT.JAVA.SEC_JAVA.CrossSiteScriptingRule,Improper Neutralization of Input During Web Page Generation ('Cross-site Scripting'),Very High,79,Security,Injection,Java,4h 00,webgoat-container/src/main/webapp/main.jsp,277,"<div id=""lessonContent""><%=currentLesson.getContent()%></div>
[servlet code: out.print(currentLesson.getContent());]",webgoat-container/src/main/java/org/owasp/webgoat/session/UserTracker.java,181,"		return getLessonTracker(s, s.getUserName(), screen);",No,"CERT-J:IDS51-J,CWE:79,OWASP:2013:A3,OWASP:2013:A5,OWASP:2017:A7,OWASP-M:2014:M7,PCI-DSS:6.5.7,SANS25:2010:1,SANS25:2011:4,WASC:08",none,"CWEScope:Access-Control,CWEScope:Availability,CWEScope:Confidentiality,CWEScope:Integrity",
OPT.JAVA.SEC_JAVA.CrossSiteRequestForgeryRule,Cross-site request forgery (CSRF),Very High,352,Security,Injection,Java,30m,webgoat-container/src/main/webapp/WEB-INF/spring-security.xml,14,"[CSRF protection not explicitly enabled]
Only enabled for Spring-Security 4.x+
",,,,No,"CWE:352,OWASP:2013:A8,PCI-DSS:6.5.1,SANS25:2010:4,SANS25:2011:12,WASC:9",TO_REVIEW,"CWEScope:Access-Control,CWEScope:Availability,CWEScope:Confidentiality,CWEScope:Integrity,CWEScope:Non-Repudiation",
OPT.JAVA.SEC_JAVA.CrossSiteRequestForgeryRule,Cross-site request forgery (CSRF),Very High,352,Security,Injection,Java,30m,webgoat-container/src/main/webapp/WEB-INF/spring-security.xml,15,"[CSRF protection not explicitly enabled]
Only enabled for Spring-Security 4.x+
",,,,No,"CWE:352,OWASP:2013:A8,PCI-DSS:6.5.1,SANS25:2010:4,SANS25:2011:12,WASC:9",TO_REVIEW,"CWEScope:Access-Control,CWEScope:Availability,CWEScope:Confidentiality,CWEScope:Integrity,CWEScope:Non-Repudiation",
OPT.JAVA.SEC_JAVA.CrossSiteRequestForgeryRule,Cross-site request forgery (CSRF),Very High,352,Security,Injection,Java,30m,webgoat-container/src/main/webapp/WEB-INF/spring-security.xml,17,"[CSRF protection not explicitly enabled]
Only enabled for Spring-Security 4.x+
",,,,No,"CWE:352,OWASP:2013:A8,PCI-DSS:6.5.1,SANS25:2010:4,SANS25:2011:12,WASC:9",TO_REVIEW,"CWEScope:Access-Control,CWEScope:Availability,CWEScope:Confidentiality,CWEScope:Integrity,CWEScope:Non-Repudiation",
OPT.JAVA.SEC_JAVA.CrossSiteRequestForgeryRule,Cross-site request forgery (CSRF),Very High,352,Security,Injection,Java,30m,webgoat-container/src/main/webapp/WEB-INF/spring-security.xml,18,"[CSRF protection not explicitly enabled]
Only enabled for Spring-Security 4.x+
",,,,No,"CWE:352,OWASP:2013:A8,PCI-DSS:6.5.1,SANS25:2010:4,SANS25:2011:12,WASC:9",TO_REVIEW,"CWEScope:Access-Control,CWEScope:Availability,CWEScope:Confidentiality,CWEScope:Integrity,CWEScope:Non-Repudiation",
OPT.JAVA.SEC_JAVA.CrossSiteRequestForgeryRule,Cross-site request forgery (CSRF),Very High,352,Security,Injection,Java,30m,webgoat-container/src/main/webapp/WEB-INF/spring-security.xml,19,"[CSRF protection not explicitly enabled]
Only enabled for Spring-Security 4.x+
",,,,No,"CWE:352,OWASP:2013:A8,PCI-DSS:6.5.1,SANS25:2010:4,SANS25:2011:12,WASC:9",TO_REVIEW,"CWEScope:Access-Control,CWEScope:Availability,CWEScope:Confidentiality,CWEScope:Integrity,CWEScope:Non-Repudiation",
OPT.JAVA.SEC_JAVA.CrossSiteRequestForgeryRule,Cross-site request forgery (CSRF),Very High,352,Security,Injection,Java,30m,webgoat-container/src/main/webapp/WEB-INF/spring-security.xml,20,"[CSRF protection not explicitly enabled]
Only enabled for Spring-Security 4.x+
",,,,No,"CWE:352,OWASP:2013:A8,PCI-DSS:6.5.1,SANS25:2010:4,SANS25:2011:12,WASC:9",TO_REVIEW,"CWEScope:Access-Control,CWEScope:Availability,CWEScope:Confidentiality,CWEScope:Integrity,CWEScope:Non-Repudiation",
OPT.JAVA.SEC_JAVA.CrossSiteRequestForgeryRule,Cross-site request forgery (CSRF),Very High,352,Security,Injection,Java,30m,webgoat-container/src/main/webapp/WEB-INF/spring-security.xml,21,"[CSRF protection not explicitly enabled]
Only enabled for Spring-Security 4.x+
",,,,No,"CWE:352,OWASP:2013:A8,PCI-DSS:6.5.1,SANS25:2010:4,SANS25:2011:12,WASC:9",TO_REVIEW,"CWEScope:Access-Control,CWEScope:Availability,CWEScope:Confidentiality,CWEScope:Integrity,CWEScope:Non-Repudiation",
OPT.JAVA.SEC_JAVA.CrossSiteRequestForgeryRule,Cross-site request forgery (CSRF),Very High,352,Security,Injection,Java,30m,webgoat-container/src/main/webapp/WEB-INF/spring-security.xml,16,"[CSRF protection not explicitly enabled]
Only enabled for Spring-Security 4.x+
",,,,Yes,"CWE:352,OWASP:2013:A8,PCI-DSS:6.5.1,SANS25:2010:4,SANS25:2011:12,WASC:9",TO_REVIEW,"CWEScope:Access-Control,CWEScope:Availability,CWEScope:Confidentiality,CWEScope:Integrity,CWEScope:Non-Repudiation",
OPT.JAVA.SEC_JAVA.CommandInjectionRule,Improper Neutralization of Special Elements used in an OS Command ('OS Command Injection'),Very High,78,Security,Injection,Java,30m,challenge/src/main/java/org/owasp/webgoat/plugin/ChallengeScreen.java,648,er = Exec.execSimple(cmd);,challenge/src/main/java/org/owasp/webgoat/plugin/ChallengeScreen.java,639,"protocol = s.getParser().getRawParameter(PROTOCOL, ""tcp"")",No,"CERT-J:IDS07-J,CWE:77,CWE:78,OWASP:2013:A1,OWASP:2013:A5,OWASP:2017:A1,PCI-DSS:6.5.1,SANS25:2010:9,SANS25:2011:2,WASC:31",none,"CWEScope:Availability,CWEScope:Confidentiality,CWEScope:Integrity,CWEScope:Non-Repudiation",
OPT.JAVA.SEC_JAVA.CommandInjectionRule,Improper Neutralization of Special Elements used in an OS Command ('OS Command Injection'),Very High,78,Security,Injection,Java,30m,challenge/src/main/java/org/owasp/webgoat/plugin/ChallengeScreen.java,653,er = Exec.execSimple(cmd);,challenge/src/main/java/org/owasp/webgoat/plugin/ChallengeScreen.java,639,"protocol = s.getParser().getRawParameter(PROTOCOL, ""tcp"")",No,"CERT-J:IDS07-J,CWE:77,CWE:78,OWASP:2013:A1,OWASP:2013:A5,OWASP:2017:A1,PCI-DSS:6.5.1,SANS25:2010:9,SANS25:2011:2,WASC:31",none,"CWEScope:Availability,CWEScope:Confidentiality,CWEScope:Integrity,CWEScope:Non-Repudiation",
OPT.JAVA.SEC_JAVA.CommandInjectionRule,Improper Neutralization of Special Elements used in an OS Command ('OS Command Injection'),Very High,78,Security,Injection,Java,30m,command-injection/src/main/java/org/owasp/webgoat/plugin/CommandInjection.java,203,        ExecResults er = Exec.execSimple(command);,command-injection/src/main/java/org/owasp/webgoat/plugin/CommandInjection.java,86,"helpFile = s.getParser().getRawParameter(HELP_FILE, ""BasicAuthentication.help"")",No,"CERT-J:IDS07-J,CWE:77,CWE:78,OWASP:2013:A1,OWASP:2013:A5,OWASP:2017:A1,PCI-DSS:6.5.1,SANS25:2010:9,SANS25:2011:2,WASC:31",none,"CWEScope:Availability,CWEScope:Confidentiality,CWEScope:Integrity,CWEScope:Non-Repudiation",
OPT.JAVA.SEC_JAVA.CommandInjectionRule,Improper Neutralization of Special Elements used in an OS Command ('OS Command Injection'),Very High,78,Security,Injection,Java,30m,command-injection/src/main/java/org/owasp/webgoat/plugin/CommandInjection.java,203,        ExecResults er = Exec.execSimple(command);,command-injection/src/main/java/org/owasp/webgoat/plugin/CommandInjection.java,86,"helpFile = s.getParser().getRawParameter(HELP_FILE, ""BasicAuthentication.help"")",No,"CERT-J:IDS07-J,CWE:77,CWE:78,OWASP:2013:A1,OWASP:2013:A5,OWASP:2017:A1,PCI-DSS:6.5.1,SANS25:2010:9,SANS25:2011:2,WASC:31",none,"CWEScope:Availability,CWEScope:Confidentiality,CWEScope:Integrity,CWEScope:Non-Repudiation",
OPT.JAVA.SEC_JAVA.CodeInjectionRule,Dynamic code injection in scripting API,Very High,95,Security,Injection,Java,30m,blind-script/src/main/java/org/owasp/webgoat/plugin/BlindScript.java,280,"            Method meth = cls.getMethod(method, parameterType);",blind-script/src/main/java/org/owasp/webgoat/plugin/BlindScript.java,125,"method = s.getParser().getStringParameter(METHOD, """")",No,"CERT-J:IDS52-J,CWE:95,OWASP:2013:A1,OWASP:2013:A5,PCI-DSS:6.5.6,WASC:20",none,"CWEScope:Access-Control,CWEScope:Availability,CWEScope:Confidentiality,CWEScope:Integrity,CWEScope:Non-Repudiation",
OPT.JSP.SEC_JSP.TargetBlankVulnerability,Improper Neutralization of links to external sites,High,1022,Security,Injection,JSP,06m,webgoat-container/src/main/webapp/webgoat.jsp,101,"                                    <a href=""http://www.zionsecurity.com/"" target=""_blank"">Erwin Geirnaert</a></div>",,,,No,"CWE:1022,OWASP:2013:A6,OWASP:2017:A3",none,"CWEScope:Access-Control,CWEScope:Availability,CWEScope:Confidentiality,CWEScope:Integrity",
OPT.JSP.SEC_JSP.TargetBlankVulnerability,Improper Neutralization of links to external sites,High,1022,Security,Injection,JSP,06m,webgoat-container/src/main/webapp/webgoat.jsp,103,"                                    <a href=""http://yehg.org/"" target=""_blank"">Aung Khant</a></div>",,,,No,"CWE:1022,OWASP:2013:A6,OWASP:2017:A3",none,"CWEScope:Access-Control,CWEScope:Availability,CWEScope:Confidentiality,CWEScope:Integrity",
OPT.JAVA.SEC_JAVA.UserControlledSQLPrimaryKey,Avoid using an user controlled Primary Key into a query,High,566,Security,Injection,Java,30m,cross-site-scripting/src/main/java/org/owasp/webgoat/plugin/crosssitescripting/EditProfileCrossSiteScripting.java,87,"                answer_statement.setInt(1, subjectUserId);",webgoat-container/src/main/java/org/owasp/webgoat/session/ParameterParser.java,387,        return Integer.parseInt(getStringParameter(name));,No,CWE:566,none,"CWEScope:Access-Control,CWEScope:Confidentiality,CWEScope:Integrity",
OPT.JAVA.SEC_JAVA.UserControlledSQLPrimaryKey,Avoid using an user controlled Primary Key into a query,High,566,Security,Injection,Java,30m,cross-site-scripting/src/main/java/org/owasp/webgoat/plugin/crosssitescripting/UpdateProfileCrossSiteScripting.java,211,"                ps.setInt(13, subjectId);",webgoat-container/src/main/java/org/owasp/webgoat/session/ParameterParser.java,387,        return Integer.parseInt(getStringParameter(name));,No,CWE:566,none,"CWEScope:Access-Control,CWEScope:Confidentiality,CWEScope:Integrity",
OPT.JAVA.SEC_JAVA.UserControlledSQLPrimaryKey,Avoid using an user controlled Primary Key into a query,High,566,Security,Injection,Java,30m,goat-hills-financial/src/main/java/org/owasp/webgoat/plugin/GoatHillsFinancial/DefaultLessonAction.java,293,"                answer_statement.setInt(1, userId);",role-based-access-control/src/main/java/instructor/RoleBasedAccessControl_i.java,152,"userId = Integer.parseInt((String) s.getRequest().getSession()
							.getAttribute(getLessonName() + ""."" + GoatHillsFinancial.USER_ID))",No,CWE:566,none,"CWEScope:Access-Control,CWEScope:Confidentiality,CWEScope:Integrity",
OPT.JAVA.SEC_JAVA.UserControlledSQLPrimaryKey,Avoid using an user controlled Primary Key into a query,High,566,Security,Injection,Java,30m,goat-hills-financial/src/main/java/org/owasp/webgoat/plugin/GoatHillsFinancial/DefaultLessonAction.java,293,"                answer_statement.setInt(1, userId);",role-based-access-control/src/main/java/org/owasp/webgoat/plugin/rollbased/RoleBasedAccessControl.java,293,"userId = Integer.parseInt((String) s.getRequest().getSession()
                            .getAttribute(getLessonName() + ""."" + RoleBasedAccessControl.USER_ID))",No,CWE:566,none,"CWEScope:Access-Control,CWEScope:Confidentiality,CWEScope:Integrity",
OPT.JAVA.SEC_JAVA.UserControlledSQLPrimaryKey,Avoid using an user controlled Primary Key into a query,High,566,Security,Injection,Java,30m,goat-hills-financial/src/main/java/org/owasp/webgoat/plugin/GoatHillsFinancial/DefaultLessonAction.java,293,"                answer_statement.setInt(1, userId);",role-based-access-control/src/main/java/org/owasp/webgoat/plugin/rollbased/RoleBasedAccessControl.java,417,"userId = Integer.parseInt((String) s.getRequest().getSession()
                                .getAttribute(getLessonName() + ""."" + RoleBasedAccessControl.USER_ID))",No,CWE:566,none,"CWEScope:Access-Control,CWEScope:Confidentiality,CWEScope:Integrity",
OPT.JAVA.SEC_JAVA.UserControlledSQLPrimaryKey,Avoid using an user controlled Primary Key into a query,High,566,Security,Injection,Java,30m,goat-hills-financial/src/main/java/org/owasp/webgoat/plugin/GoatHillsFinancial/DefaultLessonAction.java,293,"                answer_statement.setInt(1, userId);",goat-hills-financial/src/main/java/org/owasp/webgoat/plugin/GoatHillsFinancial/DefaultLessonAction.java,133,        String ss = (String) s.getRequest().getSession().getAttribute(name);,No,CWE:566,none,"CWEScope:Access-Control,CWEScope:Confidentiality,CWEScope:Integrity",
OPT.JAVA.SEC_JAVA.UserControlledSQLPrimaryKey,Avoid using an user controlled Primary Key into a query,High,566,Security,Injection,Java,30m,goat-hills-financial/src/main/java/org/owasp/webgoat/plugin/GoatHillsFinancial/DefaultLessonAction.java,293,"                answer_statement.setInt(1, userId);",goat-hills-financial/src/main/java/org/owasp/webgoat/plugin/GoatHillsFinancial/DefaultLessonAction.java,104,        String value = (String) s.getRequest().getSession().getAttribute(name);,No,CWE:566,none,"CWEScope:Access-Control,CWEScope:Confidentiality,CWEScope:Integrity",
OPT.JAVA.SEC_JAVA.UserControlledSQLPrimaryKey,Avoid using an user controlled Primary Key into a query,High,566,Security,Injection,Java,30m,goat-hills-financial/src/main/java/org/owasp/webgoat/plugin/GoatHillsFinancial/DefaultLessonAction.java,293,"                answer_statement.setInt(1, userId);",goat-hills-financial/src/main/java/org/owasp/webgoat/plugin/GoatHillsFinancial/DefaultLessonAction.java,133,        String ss = (String) s.getRequest().getSession().getAttribute(name);,No,CWE:566,none,"CWEScope:Access-Control,CWEScope:Confidentiality,CWEScope:Integrity",
OPT.JAVA.SEC_JAVA.UserControlledSQLPrimaryKey,Avoid using an user controlled Primary Key into a query,High,566,Security,Injection,Java,30m,goat-hills-financial/src/main/java/org/owasp/webgoat/plugin/GoatHillsFinancial/DefaultLessonAction.java,294,"                answer_statement.setInt(2, employeeId);",webgoat-container/src/main/java/org/owasp/webgoat/session/ParameterParser.java,387,        return Integer.parseInt(getStringParameter(name));,No,CWE:566,none,"CWEScope:Access-Control,CWEScope:Confidentiality,CWEScope:Integrity",
OPT.JAVA.SEC_JAVA.UserControlledSQLPrimaryKey,Avoid using an user controlled Primary Key into a query,High,566,Security,Injection,Java,30m,goat-hills-financial/src/main/java/org/owasp/webgoat/plugin/GoatHillsFinancial/DefaultLessonAction.java,294,"                answer_statement.setInt(2, employeeId);",webgoat-container/src/main/java/org/owasp/webgoat/session/ParameterParser.java,387,        return Integer.parseInt(getStringParameter(name));,No,CWE:566,none,"CWEScope:Access-Control,CWEScope:Confidentiality,CWEScope:Integrity",
OPT.JAVA.SEC_JAVA.UserControlledSQLPrimaryKey,Avoid using an user controlled Primary Key into a query,High,566,Security,Injection,Java,30m,goat-hills-financial/src/main/java/org/owasp/webgoat/plugin/GoatHillsFinancial/DefaultLessonAction.java,294,"                answer_statement.setInt(2, employeeId);",webgoat-container/src/main/java/org/owasp/webgoat/session/ParameterParser.java,387,        return Integer.parseInt(getStringParameter(name));,No,CWE:566,none,"CWEScope:Access-Control,CWEScope:Confidentiality,CWEScope:Integrity",
OPT.JAVA.SEC_JAVA.UserControlledSQLPrimaryKey,Avoid using an user controlled Primary Key into a query,High,566,Security,Injection,Java,30m,goat-hills-financial/src/main/java/org/owasp/webgoat/plugin/GoatHillsFinancial/DefaultLessonAction.java,294,"                answer_statement.setInt(2, employeeId);",webgoat-container/src/main/java/org/owasp/webgoat/session/ParameterParser.java,387,        return Integer.parseInt(getStringParameter(name));,No,CWE:566,none,"CWEScope:Access-Control,CWEScope:Confidentiality,CWEScope:Integrity",
OPT.JAVA.SEC_JAVA.UserControlledSQLPrimaryKey,Avoid using an user controlled Primary Key into a query,High,566,Security,Injection,Java,30m,goat-hills-financial/src/main/java/org/owasp/webgoat/plugin/GoatHillsFinancial/DefaultLessonAction.java,294,"                answer_statement.setInt(2, employeeId);",webgoat-container/src/main/java/org/owasp/webgoat/session/DatabaseUtilities.java,63,"		return getConnection(s.getUserName(), s.getWebgoatContext());",No,CWE:566,none,"CWEScope:Access-Control,CWEScope:Confidentiality,CWEScope:Integrity",
OPT.JAVA.SEC_JAVA.UserControlledSQLPrimaryKey,Avoid using an user controlled Primary Key into a query,High,566,Security,Injection,Java,30m,goat-hills-financial/src/main/java/org/owasp/webgoat/plugin/GoatHillsFinancial/EditProfile.java,84,"                answer_statement.setInt(1, subjectUserId);",webgoat-container/src/main/java/org/owasp/webgoat/session/ParameterParser.java,387,        return Integer.parseInt(getStringParameter(name));,No,CWE:566,none,"CWEScope:Access-Control,CWEScope:Confidentiality,CWEScope:Integrity",
OPT.JAVA.SEC_JAVA.UserControlledSQLPrimaryKey,Avoid using an user controlled Primary Key into a query,High,566,Security,Injection,Java,30m,goat-hills-financial/src/main/java/org/owasp/webgoat/plugin/GoatHillsFinancial/UpdateProfile.java,141,"                ps.setInt(13, subjectId);",webgoat-container/src/main/java/org/owasp/webgoat/session/ParameterParser.java,387,        return Integer.parseInt(getStringParameter(name));,No,CWE:566,none,"CWEScope:Access-Control,CWEScope:Confidentiality,CWEScope:Integrity",
OPT.JAVA.SEC_JAVA.UserControlledSQLPrimaryKey,Avoid using an user controlled Primary Key into a query,High,566,Security,Injection,Java,30m,role-based-access-control/src/main/java/instructor/UpdateProfile_i.java,66,"					ps.setInt(13, subjectId);",webgoat-container/src/main/java/org/owasp/webgoat/session/ParameterParser.java,387,        return Integer.parseInt(getStringParameter(name));,No,CWE:566,none,"CWEScope:Access-Control,CWEScope:Confidentiality,CWEScope:Integrity",
OPT.JAVA.SEC_JAVA.UserControlledSQLPrimaryKey,Avoid using an user controlled Primary Key into a query,High,566,Security,Injection,Java,30m,role-based-access-control/src/main/java/org/owasp/webgoat/plugin/rollbased/EditProfileRoleBasedAccessControl.java,86,"                answer_statement.setInt(1, subjectUserId);",webgoat-container/src/main/java/org/owasp/webgoat/session/ParameterParser.java,387,        return Integer.parseInt(getStringParameter(name));,No,CWE:566,none,"CWEScope:Access-Control,CWEScope:Confidentiality,CWEScope:Integrity",
OPT.JAVA.SEC_JAVA.UserControlledSQLPrimaryKey,Avoid using an user controlled Primary Key into a query,High,566,Security,Injection,Java,30m,role-based-access-control/src/main/java/org/owasp/webgoat/plugin/rollbased/UpdateProfileRoleBasedAccessControl.java,145,"                ps.setInt(13, subjectId);",webgoat-container/src/main/java/org/owasp/webgoat/session/ParameterParser.java,387,        return Integer.parseInt(getStringParameter(name));,No,CWE:566,none,"CWEScope:Access-Control,CWEScope:Confidentiality,CWEScope:Integrity",
OPT.JAVA.SEC_JAVA.TrustBoundaryViolationRule,Trust boundary violation,High,501,Security,Injection,Java,30m,csrf-prompt-by-pass/src/main/java/org/owasp/webgoat/plugin/CsrfPromptByPass.java,101,"httpSession.setAttribute(TRANSFER_FUND_AMOUNT_ATTRIBUTE, transferAmount);",csrf-prompt-by-pass/src/main/java/org/owasp/webgoat/plugin/CsrfPromptByPass.java,66,"transferFunds = HtmlEncoder.encode(s.getParser().getRawParameter(TRANSFER_FUNDS_PARAMETER, """"))",No,"CWE:501,PCI-DSS:6.5.1",none,CWEScope:Access-Control,
OPT.JAVA.SEC_JAVA.TrustBoundaryViolationRule,Trust boundary violation,High,501,Security,Injection,Java,30m,goat-hills-financial/src/main/java/org/owasp/webgoat/plugin/GoatHillsFinancial/DefaultLessonAction.java,89,"        s.getRequest().getSession().setAttribute(name, value);",cross-site-scripting/src/main/java/org/owasp/webgoat/plugin/crosssitescripting/FindProfileCrossSiteScripting.java,133,        return s.getParser().getRawParameter(name);,No,"CWE:501,PCI-DSS:6.5.1",none,CWEScope:Access-Control,
OPT.JAVA.SEC_JAVA.TrustBoundaryViolationRule,Trust boundary violation,High,501,Security,Injection,Java,30m,goat-hills-financial/src/main/java/org/owasp/webgoat/plugin/GoatHillsFinancial/DefaultLessonAction.java,89,"        s.getRequest().getSession().setAttribute(name, value);",db-sql-injection/src/main/java/org/owasp/webgoat/plugin/dbsqlinjection/LoginDBSQLInjection.java,72,employeeId = s.getParser().getStringParameter(DBSQLInjection.EMPLOYEE_ID);,No,"CWE:501,PCI-DSS:6.5.1",none,CWEScope:Access-Control,
OPT.JAVA.SEC_JAVA.TrustBoundaryViolationRule,Trust boundary violation,High,501,Security,Injection,Java,30m,goat-hills-financial/src/main/java/org/owasp/webgoat/plugin/GoatHillsFinancial/DefaultLessonAction.java,89,"        s.getRequest().getSession().setAttribute(name, value);",goat-hills-financial/src/main/java/org/owasp/webgoat/plugin/GoatHillsFinancial/DefaultLessonAction.java,133,        String ss = (String) s.getRequest().getSession().getAttribute(name);,No,"CWE:501,PCI-DSS:6.5.1",none,CWEScope:Access-Control,
OPT.JAVA.SEC_JAVA.TrustBoundaryViolationRule,Trust boundary violation,High,501,Security,Injection,Java,30m,goat-hills-financial/src/main/java/org/owasp/webgoat/plugin/GoatHillsFinancial/DefaultLessonAction.java,89,"        s.getRequest().getSession().setAttribute(name, value);",goat-hills-financial/src/main/java/org/owasp/webgoat/plugin/GoatHillsFinancial/DefaultLessonAction.java,133,        String ss = (String) s.getRequest().getSession().getAttribute(name);,No,"CWE:501,PCI-DSS:6.5.1",none,CWEScope:Access-Control,
OPT.JAVA.SEC_JAVA.TrustBoundaryViolationRule,Trust boundary violation,High,501,Security,Injection,Java,30m,goat-hills-financial/src/main/java/org/owasp/webgoat/plugin/GoatHillsFinancial/DefaultLessonAction.java,89,"        s.getRequest().getSession().setAttribute(name, value);",sql-injection/src/main/java/org/owasp/webgoat/plugin/sqlinjection/LoginSqlInjection.java,70,employeeId = s.getParser().getStringParameter(SQLInjection.EMPLOYEE_ID);,No,"CWE:501,PCI-DSS:6.5.1",none,CWEScope:Access-Control,
OPT.JAVA.SEC_JAVA.TrustBoundaryViolationRule,Trust boundary violation,High,501,Security,Injection,Java,30m,goat-hills-financial/src/main/java/org/owasp/webgoat/plugin/GoatHillsFinancial/DefaultLessonAction.java,89,"        s.getRequest().getSession().setAttribute(name, value);",sql-injection/src/main/java/org/owasp/webgoat/plugin/sqlinjection/LoginSqlInjection.java,235,employeeId = s.getParser().getStringParameter(SQLInjection.EMPLOYEE_ID),No,"CWE:501,PCI-DSS:6.5.1",none,CWEScope:Access-Control,
OPT.JAVA.SEC_JAVA.TrustBoundaryViolationRule,Trust boundary violation,High,501,Security,Injection,Java,30m,goat-hills-financial/src/main/java/org/owasp/webgoat/plugin/GoatHillsFinancial/DefaultLessonAction.java,89,"        s.getRequest().getSession().setAttribute(name, value);",webgoat-container/src/main/java/org/owasp/webgoat/session/ParameterParser.java,387,        return Integer.parseInt(getStringParameter(name));,No,"CWE:501,PCI-DSS:6.5.1",none,CWEScope:Access-Control,
OPT.JAVA.SEC_JAVA.TrustBoundaryViolationRule,Trust boundary violation,High,501,Security,Injection,Java,30m,goat-hills-financial/src/main/java/org/owasp/webgoat/plugin/GoatHillsFinancial/DefaultLessonAction.java,89,"        s.getRequest().getSession().setAttribute(name, value);",webgoat-container/src/main/java/org/owasp/webgoat/session/DatabaseUtilities.java,63,"		return getConnection(s.getUserName(), s.getWebgoatContext());",No,"CWE:501,PCI-DSS:6.5.1",none,CWEScope:Access-Control,
OPT.JAVA.SEC_JAVA.TrustBoundaryViolationRule,Trust boundary violation,High,501,Security,Injection,Java,30m,goat-hills-financial/src/main/java/org/owasp/webgoat/plugin/GoatHillsFinancial/DefaultLessonAction.java,89,"        s.getRequest().getSession().setAttribute(name, value);",webgoat-container/src/main/java/org/owasp/webgoat/session/DatabaseUtilities.java,63,"		return getConnection(s.getUserName(), s.getWebgoatContext());",No,"CWE:501,PCI-DSS:6.5.1",none,CWEScope:Access-Control,
OPT.JAVA.SEC_JAVA.TrustBoundaryViolationRule,Trust boundary violation,High,501,Security,Injection,Java,30m,goat-hills-financial/src/main/java/org/owasp/webgoat/plugin/GoatHillsFinancial/DefaultLessonAction.java,89,"        s.getRequest().getSession().setAttribute(name, value);",webgoat-container/src/main/java/org/owasp/webgoat/session/DatabaseUtilities.java,63,"		return getConnection(s.getUserName(), s.getWebgoatContext());",No,"CWE:501,PCI-DSS:6.5.1",none,CWEScope:Access-Control,
OPT.JAVA.SEC_JAVA.TrustBoundaryViolationRule,Trust boundary violation,High,501,Security,Injection,Java,30m,goat-hills-financial/src/main/java/org/owasp/webgoat/plugin/GoatHillsFinancial/DefaultLessonAction.java,89,"        s.getRequest().getSession().setAttribute(name, value);",webgoat-container/src/main/java/org/owasp/webgoat/session/DatabaseUtilities.java,63,"		return getConnection(s.getUserName(), s.getWebgoatContext());",No,"CWE:501,PCI-DSS:6.5.1",none,CWEScope:Access-Control,
OPT.JAVA.SEC_JAVA.TrustBoundaryViolationRule,Trust boundary violation,High,501,Security,Injection,Java,30m,goat-hills-financial/src/main/java/org/owasp/webgoat/plugin/GoatHillsFinancial/DefaultLessonAction.java,89,"        s.getRequest().getSession().setAttribute(name, value);",webgoat-container/src/main/java/org/owasp/webgoat/session/DatabaseUtilities.java,63,"		return getConnection(s.getUserName(), s.getWebgoatContext());",No,"CWE:501,PCI-DSS:6.5.1",none,CWEScope:Access-Control,
OPT.JAVA.SEC_JAVA.TrustBoundaryViolationRule,Trust boundary violation,High,501,Security,Injection,Java,30m,goat-hills-financial/src/main/java/org/owasp/webgoat/plugin/GoatHillsFinancial/DefaultLessonAction.java,89,"        s.getRequest().getSession().setAttribute(name, value);",webgoat-container/src/main/java/org/owasp/webgoat/session/DatabaseUtilities.java,63,"		return getConnection(s.getUserName(), s.getWebgoatContext());",No,"CWE:501,PCI-DSS:6.5.1",none,CWEScope:Access-Control,
OPT.JAVA.SEC_JAVA.TrustBoundaryViolationRule,Trust boundary violation,High,501,Security,Injection,Java,30m,goat-hills-financial/src/main/java/org/owasp/webgoat/plugin/GoatHillsFinancial/DefaultLessonAction.java,89,"        s.getRequest().getSession().setAttribute(name, value);",webgoat-container/src/main/java/org/owasp/webgoat/session/DatabaseUtilities.java,63,"		return getConnection(s.getUserName(), s.getWebgoatContext());",No,"CWE:501,PCI-DSS:6.5.1",none,CWEScope:Access-Control,
OPT.JAVA.SEC_JAVA.RaceConditionServlet,Race Condition in a Java Servlet,High,362,Security,Control flow management,Java,06m,webgoat-container/src/main/java/org/owasp/webgoat/HammerHead.java,64,Logger logger = LoggerFactory.getLogger(HammerHead.class);,,,,No,"CERT-J:VNA02-J,CWE:362,SANS25:2010:25",none,"CWEScope:Availability,CWEScope:Confidentiality,CWEScope:Integrity",
OPT.JAVA.SEC_JAVA.RaceConditionServlet,Race Condition in a Java Servlet,High,362,Security,Control flow management,Java,06m,webgoat-container/src/main/java/org/owasp/webgoat/HammerHead.java,93,WebgoatContext webgoatContext = null;,,,,No,"CERT-J:VNA02-J,CWE:362,SANS25:2010:25",none,"CWEScope:Availability,CWEScope:Confidentiality,CWEScope:Integrity",
OPT.JAVA.SEC_JAVA.UnnormalizedInputString,Always normalize system inputs,Normal,180,Security,Injection,Java,30m,blind-script/src/main/java/org/owasp/webgoat/plugin/BlindScript.java,162,dir = new File(userHome),blind-script/src/main/java/org/owasp/webgoat/plugin/BlindScript.java,160,"userHome = System.getProperty(""user.home"" ) + ""\\Local Settings\\Temporary Internet Files""",No,"CERT-J:IDS01-J,CWE:180",none,CWEScope:Access-Control,
OPT.JAVA.SEC_JAVA.UnnormalizedInputString,Always normalize system inputs,Normal,180,Security,Injection,Java,30m,challenge/src/main/java/org/owasp/webgoat/plugin/ChallengeScreen.java,379,"defacedText = getFileText(new BufferedReader(new FileReader(origpath)), false)",challenge/src/main/java/org/owasp/webgoat/plugin/ChallengeScreen.java,377,"origpath = s.getContext().getRealPath(WEBGOAT_CHALLENGE + ""_"" + s.getUserName() + JSP)",No,"CERT-J:IDS01-J,CWE:180",none,CWEScope:Access-Control,
OPT.JAVA.SEC_JAVA.UnnormalizedInputString,Always normalize system inputs,Normal,180,Security,Injection,Java,30m,challenge/src/main/java/org/owasp/webgoat/plugin/ChallengeScreen.java,417,usersFile = new File(defacedpath),challenge/src/main/java/org/owasp/webgoat/plugin/ChallengeScreen.java,413,"defacedpath = s.getContext().getRealPath(WEBGOAT_CHALLENGE + ""_"" + s.getUserName() + JSP)",No,"CERT-J:IDS01-J,CWE:180",none,CWEScope:Access-Control,
OPT.JAVA.SEC_JAVA.UnnormalizedInputString,Always normalize system inputs,Normal,180,Security,Injection,Java,30m,challenge/src/main/java/org/owasp/webgoat/plugin/ChallengeScreen.java,418,fw = new FileWriter(usersFile),challenge/src/main/java/org/owasp/webgoat/plugin/ChallengeScreen.java,413,"defacedpath = s.getContext().getRealPath(WEBGOAT_CHALLENGE + ""_"" + s.getUserName() + JSP)",No,"CERT-J:IDS01-J,CWE:180",none,CWEScope:Access-Control,
OPT.JAVA.SEC_JAVA.UnnormalizedInputString,Always normalize system inputs,Normal,180,Security,Injection,Java,30m,command-injection/src/main/java/org/owasp/webgoat/plugin/CommandInjection.java,127,"fileData = exec(s, ""cmd.exe /c type \"""" + new File(safeDir, helpFile).getPath() + ""\"""");",command-injection/src/main/java/org/owasp/webgoat/plugin/CommandInjection.java,86,"helpFile = s.getParser().getRawParameter(HELP_FILE, ""BasicAuthentication.help"")",No,"CERT-J:IDS01-J,CWE:180",none,CWEScope:Access-Control,
OPT.JAVA.SEC_JAVA.UnnormalizedInputString,Always normalize system inputs,Normal,180,Security,Injection,Java,30m,command-injection/src/main/java/org/owasp/webgoat/plugin/CommandInjection.java,134,"cmd2 = {""/bin/sh"", ""-c"", ""cat \"""" + new File(safeDir, helpFile).getPath() + ""\""""}",command-injection/src/main/java/org/owasp/webgoat/plugin/CommandInjection.java,86,"helpFile = s.getParser().getRawParameter(HELP_FILE, ""BasicAuthentication.help"")",No,"CERT-J:IDS01-J,CWE:180",none,CWEScope:Access-Control,
OPT.JAVA.SEC_JAVA.UnnormalizedInputString,Always normalize system inputs,Normal,180,Security,Injection,Java,30m,cross-site-scripting/src/main/java/org/owasp/webgoat/plugin/crosssitescripting/CrossSiteScripting.java,114,"src = readFromFile(new BufferedReader(new FileReader(s.getWebResource(getLessonSolutionFileName(s)))),
                                false);",webgoat-container/src/main/java/org/owasp/webgoat/session/UserTracker.java,181,"		return getLessonTracker(s, s.getUserName(), screen);",No,"CERT-J:IDS01-J,CWE:180",none,CWEScope:Access-Control,
OPT.JAVA.SEC_JAVA.UnnormalizedInputString,Always normalize system inputs,Normal,180,Security,Injection,Java,30m,malicious-file-execution/src/main/java/org/owasp/webgoat/plugin/MaliciousFileExecution.java,98,"userfile = new File(uploads_and_target_parent_directory 
                + TARGET_RELATIVE_PATH + java.io.File.separator 
                + s.getUserName() + "".txt"")",malicious-file-execution/src/main/java/org/owasp/webgoat/plugin/MaliciousFileExecution.java,100,"userfile = new File(uploads_and_target_parent_directory 
                + TARGET_RELATIVE_PATH + java.io.File.separator 
                + s.getUserName() + "".txt"")",No,"CERT-J:IDS01-J,CWE:180",none,CWEScope:Access-Control,
OPT.JAVA.SEC_JAVA.UnnormalizedInputString,Always normalize system inputs,Normal,180,Security,Injection,Java,30m,malicious-file-execution/src/main/java/org/owasp/webgoat/plugin/MaliciousFileExecution.java,128,"userfile = new File(uploads_and_target_parent_directory 
                + TARGET_RELATIVE_PATH + java.io.File.separator 
                + s.getUserName() + "".txt"")",malicious-file-execution/src/main/java/org/owasp/webgoat/plugin/MaliciousFileExecution.java,130,"userfile = new File(uploads_and_target_parent_directory 
                + TARGET_RELATIVE_PATH + java.io.File.separator 
                + s.getUserName() + "".txt"")",No,"CERT-J:IDS01-J,CWE:180",none,CWEScope:Access-Control,
OPT.JAVA.SEC_JAVA.UnnormalizedInputString,Always normalize system inputs,Normal,180,Security,Injection,Java,30m,malicious-file-execution/src/main/java/org/owasp/webgoat/plugin/MaliciousFileExecution.java,277,"userfile = new File(uploads_and_target_parent_directory 
                + TARGET_RELATIVE_PATH 
                + java.io.File.separator 
                + s.getUserName() + "".txt"")",malicious-file-execution/src/main/java/org/owasp/webgoat/plugin/MaliciousFileExecution.java,280,"userfile = new File(uploads_and_target_parent_directory 
                + TARGET_RELATIVE_PATH 
                + java.io.File.separator 
                + s.getUserName() + "".txt"")",No,"CERT-J:IDS01-J,CWE:180",none,CWEScope:Access-Control,
OPT.JAVA.SEC_JAVA.UnnormalizedInputString,Always normalize system inputs,Normal,180,Security,Injection,Java,30m,malicious-file-execution/src/main/java/org/owasp/webgoat/plugin/MaliciousFileExecution.java,441,uploadedFile = new File(uploaded_file_path),malicious-file-execution/src/main/java/org/owasp/webgoat/plugin/MaliciousFileExecution.java,440,"uploaded_file_path = uploads_and_target_parent_directory 
                            + UPLOADS_RELATIVE_PATH 
                            + java.io.File.separator
                            + item.getName()",No,"CERT-J:IDS01-J,CWE:180",none,CWEScope:Access-Control,
OPT.JAVA.SEC_JAVA.UnnormalizedInputString,Always normalize system inputs,Normal,180,Security,Injection,Java,30m,malicious-file-execution/src/main/java/org/owasp/webgoat/plugin/MaliciousFileExecution.java,442,item.write(uploadedFile);,malicious-file-execution/src/main/java/org/owasp/webgoat/plugin/MaliciousFileExecution.java,440,"uploaded_file_path = uploads_and_target_parent_directory 
                            + UPLOADS_RELATIVE_PATH 
                            + java.io.File.separator
                            + item.getName()",No,"CERT-J:IDS01-J,CWE:180",none,CWEScope:Access-Control,
OPT.JAVA.SEC_JAVA.UnnormalizedInputString,Always normalize system inputs,Normal,180,Security,Injection,Java,30m,role-based-access-control/src/main/java/org/owasp/webgoat/plugin/rollbased/RoleBasedAccessControl.java,189,"src = readFromFile(new BufferedReader(new FileReader(s.getWebResource(getLessonSolutionFileName(s)))),
                                false);",webgoat-container/src/main/java/org/owasp/webgoat/session/UserTracker.java,181,"		return getLessonTracker(s, s.getUserName(), screen);",No,"CERT-J:IDS01-J,CWE:180",none,CWEScope:Access-Control,
OPT.JAVA.SEC_JAVA.UnnormalizedInputString,Always normalize system inputs,Normal,180,Security,Injection,Java,30m,sql-injection/src/main/java/org/owasp/webgoat/plugin/sqlinjection/SQLInjection.java,262,"src = readFromFile(new BufferedReader(new FileReader(s.getWebResource(getLessonSolutionFileName(s)))),
                                false);",webgoat-container/src/main/java/org/owasp/webgoat/session/UserTracker.java,181,"		return getLessonTracker(s, s.getUserName(), screen);",No,"CERT-J:IDS01-J,CWE:180",none,CWEScope:Access-Control,
OPT.JAVA.SEC_JAVA.UnnormalizedInputString,Always normalize system inputs,Normal,180,Security,Injection,Java,30m,webgoat-container/src/main/java/org/owasp/webgoat/lessons/AbstractLesson.java,437,"            src.append(readFromFile(new BufferedReader(new FileReader(filename)), false));",webgoat-container/src/main/java/org/owasp/webgoat/service/LessonPlanService.java,60,HttpSession session,No,"CERT-J:IDS01-J,CWE:180",none,CWEScope:Access-Control,
OPT.JAVA.SEC_JAVA.UnnormalizedInputString,Always normalize system inputs,Normal,180,Security,Injection,Java,30m,webgoat-container/src/main/java/org/owasp/webgoat/service/PluginReloadService.java,69,"new PluginsLoader(Paths.get(pluginPath), Paths.get(targetPath)).copyJars();",webgoat-container/src/main/java/org/owasp/webgoat/service/PluginReloadService.java,64,HttpSession session,No,"CERT-J:IDS01-J,CWE:180",none,CWEScope:Access-Control,
OPT.JAVA.SEC_JAVA.UnnormalizedInputString,Always normalize system inputs,Normal,180,Security,Injection,Java,30m,webgoat-container/src/main/java/org/owasp/webgoat/session/LessonTracker.java,226,				in = new FileInputStream(fileName);,webgoat-container/src/main/java/org/owasp/webgoat/session/UserTracker.java,181,"return getLessonTracker(s, s.getUserName(), screen);",No,"CERT-J:IDS01-J,CWE:180",none,CWEScope:Access-Control,
OPT.JAVA.SEC_JAVA.UnnormalizedInputString,Always normalize system inputs,Normal,180,Security,Injection,Java,30m,webgoat-container/src/main/java/org/owasp/webgoat/session/LessonTracker.java,377,			out = new FileOutputStream(fileName);,webgoat-container/src/main/java/org/owasp/webgoat/session/LessonTracker.java,350,"store(s, screen, s.getUserName());",No,"CERT-J:IDS01-J,CWE:180",none,CWEScope:Access-Control,
OPT.JAVA.SEC_JAVA.UnnormalizedInputString,Always normalize system inputs,Normal,180,Security,Injection,Java,30m,zip-bomb/src/main/java/org/owasp/webgoat/plugin/ZipBomb.java,141,"uploadedFile = new File(tmpDir, item.getName())",zip-bomb/src/main/java/org/owasp/webgoat/plugin/ZipBomb.java,141,"uploadedFile = new File(tmpDir, item.getName())",No,"CERT-J:IDS01-J,CWE:180",none,CWEScope:Access-Control,
OPT.JAVA.SEC_JAVA.UnnormalizedInputString,Always normalize system inputs,Normal,180,Security,Injection,Java,30m,zip-bomb/src/main/java/org/owasp/webgoat/plugin/ZipBomb.java,145,item.write(uploadedFile);,zip-bomb/src/main/java/org/owasp/webgoat/plugin/ZipBomb.java,141,"uploadedFile = new File(tmpDir, item.getName())",No,"CERT-J:IDS01-J,CWE:180",none,CWEScope:Access-Control,
OPT.JAVA.SEC_JAVA.UnnormalizedInputString,Always normalize system inputs,Normal,180,Security,Injection,Java,30m,zip-bomb/src/main/java/org/owasp/webgoat/plugin/ZipBomb.java,181,        ZipFile zf = new ZipFile(uploadedFile);,zip-bomb/src/main/java/org/owasp/webgoat/plugin/ZipBomb.java,141,"uploadedFile = new File(tmpDir, item.getName())",No,"CERT-J:IDS01-J,CWE:180",none,CWEScope:Access-Control,
OPT.JAVA.SEC_JAVA.UncheckedInputInLoopCondition,Unchecked input in loop condition,Normal,606,Security,Control flow management,Java,06m,blind-script/src/main/java/org/owasp/webgoat/plugin/BlindScript.java,264,                String argString = argsTok.nextToken();,blind-script/src/main/java/org/owasp/webgoat/plugin/BlindScript.java,126,"argTypes = s.getParser().getStringParameter(ARG_TYPES, """")",No,CWE:606,none,CWEScope:Availability,
OPT.JAVA.SEC_JAVA.UncheckedInputInLoopCondition,Unchecked input in loop condition,Normal,606,Security,Control flow management,Java,06m,challenge/src/main/java/org/owasp/webgoat/plugin/ChallengeScreen.java,674,line = lines.nextToken();,challenge/src/main/java/org/owasp/webgoat/plugin/ChallengeScreen.java,639,"protocol = s.getParser().getRawParameter(PROTOCOL, ""tcp"")",No,CWE:606,none,CWEScope:Availability,
OPT.JAVA.SEC_JAVA.UncheckedInputInLoopCondition,Unchecked input in loop condition,Normal,606,Security,Control flow management,Java,06m,http-only/src/main/java/org/owasp/webgoat/plugin/HttpOnly.java,503,        for (int i = 0; i < s.length(); i++),http-only/src/main/java/org/owasp/webgoat/plugin/HttpOnly.java,446,"browser = s.getHeader(""user-agent"").toLowerCase()",No,CWE:606,none,CWEScope:Availability,
OPT.JAVA.SEC_JAVA.UncheckedInputInLoopCondition,Unchecked input in loop condition,Normal,606,Security,Control flow management,Java,06m,http-only/src/main/java/org/owasp/webgoat/plugin/HttpOnly.java,503,        for (int i = 0; i < s.length(); i++),http-only/src/main/java/org/owasp/webgoat/plugin/HttpOnly.java,446,"browser = s.getHeader(""user-agent"").toLowerCase()",No,CWE:606,none,CWEScope:Availability,
OPT.JAVA.SEC_JAVA.UncheckedInputInLoopCondition,Unchecked input in loop condition,Normal,606,Security,Control flow management,Java,06m,sql-numeric-injection/src/main/java/org/owasp/webgoat/plugin/SqlNumericInjection.java,235,key = (String) it.next(),webgoat-container/src/main/java/org/owasp/webgoat/session/DatabaseUtilities.java,63,"		return getConnection(s.getUserName(), s.getWebgoatContext());",No,CWE:606,none,CWEScope:Availability,
OPT.JAVA.SEC_JAVA.UncheckedInputInLoopCondition,Unchecked input in loop condition,Normal,606,Security,Control flow management,Java,06m,webgoat-container/src/main/java/org/owasp/webgoat/lessons/admin/ReportCardScreen.java,229,            Screen screen = (Screen) lessonIter.next();,webgoat-container/src/main/java/org/owasp/webgoat/lessons/admin/ReportCardScreen.java,89,user = s.getUserName();,No,CWE:606,none,CWEScope:Availability,
OPT.JAVA.SEC_JAVA.UncheckedInputInLoopCondition,Unchecked input in loop condition,Normal,606,Security,Control flow management,Java,06m,webgoat-container/src/main/java/org/owasp/webgoat/lessons/admin/ReportCardScreen.java,229,            Screen screen = (Screen) lessonIter.next();,webgoat-container/src/main/java/org/owasp/webgoat/lessons/admin/SummaryReportCardScreen.java,77,e = s.getParser().getParameterNames(),No,CWE:606,none,CWEScope:Availability,
OPT.JAVA.SEC_JAVA.UncheckedInputInLoopCondition,Unchecked input in loop condition,Normal,606,Security,Control flow management,Java,06m,webgoat-container/src/main/java/org/owasp/webgoat/lessons/admin/ReportCardScreen.java,240,            Screen screen = (Screen) lessonIter.next();,webgoat-container/src/main/java/org/owasp/webgoat/lessons/admin/ReportCardScreen.java,89,user = s.getUserName();,No,CWE:606,none,CWEScope:Availability,
OPT.JAVA.SEC_JAVA.UncheckedInputInLoopCondition,Unchecked input in loop condition,Normal,606,Security,Control flow management,Java,06m,webgoat-container/src/main/java/org/owasp/webgoat/lessons/admin/ReportCardScreen.java,240,            Screen screen = (Screen) lessonIter.next();,webgoat-container/src/main/java/org/owasp/webgoat/lessons/admin/SummaryReportCardScreen.java,77,e = s.getParser().getParameterNames(),No,CWE:606,none,CWEScope:Availability,
OPT.JAVA.SEC_JAVA.UncheckedInputInLoopCondition,Unchecked input in loop condition,Normal,606,Security,Control flow management,Java,06m,webgoat-container/src/main/java/org/owasp/webgoat/lessons/admin/ReportCardScreen.java,251,            Screen screen = (Screen) lessonIter.next();,webgoat-container/src/main/java/org/owasp/webgoat/lessons/admin/ReportCardScreen.java,89,user = s.getUserName();,No,CWE:606,none,CWEScope:Availability,
OPT.JAVA.SEC_JAVA.UncheckedInputInLoopCondition,Unchecked input in loop condition,Normal,606,Security,Control flow management,Java,06m,webgoat-container/src/main/java/org/owasp/webgoat/lessons/admin/ReportCardScreen.java,251,            Screen screen = (Screen) lessonIter.next();,webgoat-container/src/main/java/org/owasp/webgoat/lessons/admin/SummaryReportCardScreen.java,77,e = s.getParser().getParameterNames(),No,CWE:606,none,CWEScope:Availability,
OPT.JAVA.SEC_JAVA.UncheckedInputInLoopCondition,Unchecked input in loop condition,Normal,606,Security,Control flow management,Java,06m,webgoat-container/src/main/java/org/owasp/webgoat/session/Course.java,256,"            lessonList.addAll(getLessons(s, (Category) categoryIter.next(), roles));",webgoat-container/src/main/java/org/owasp/webgoat/service/LessonMenuService.java,67,HttpSession session,No,CWE:606,none,CWEScope:Availability,